object_id,source_group_id,source_type,source_catalog,source_url,page_url,page_title,official_name,catalog_number,official_category_text,category_evidence_text,collection_date,is_explicit_nanjing_yunjin,level1_label,level1_confidence,craft_name,pattern_name,image_filename,evidence_file,model_image_file,authorization_status,website_copyright_statement,width,height,image_valid,resolution_pass,label_leakage_risk,label_evidence_available,usable_for_training,usage_scope,sha256,notes
official_yunjin_YAAAB000000300,official_yunjin_YAAAB000000300,official_catalog_pdf,南京历代云锦博物馆藏品室：云锦类1：540套,http://www.yjmuseum.com/cpwx/%E5%8D%97%E4%BA%AC%E5%8E%86%E4%BB%A3%E4%BA%91%E9%94%A6%E5%8D%9A%E7%89%A9%E9%A6%86%E8%97%8F%E5%93%81%E5%AE%A4%EF%BC%9A%E4%BA%91%E9%94%A6%E7%B1%BB1%EF%BC%9A540%E5%A5%97.pdf,http://www.yjmuseum.com/cpwx/%E5%8D%97%E4%BA%AC%E5%8E%86%E4%BB%A3%E4%BA%91%E9%94%A6%E5%8D%9A%E7%89%A9%E9%A6%86%E8%97%8F%E5%93%81%E5%AE%A4%EF%BC%9A%E4%BA%91%E9%94%A6%E7%B1%BB1%EF%BC%9A540%E5%A5%97.pdf#page=1,南京历代云锦博物馆藏品室：云锦类1：540套,清末大红地四则宝灯锦,YAAAB000000300,南京历代云锦博物馆藏品室：云锦类1：540套；PDF清册标题/页眉为“南京云锦 博物馆藏品清册（云锦类）”,南京历代云锦博物馆藏品室：云锦类1：540套；PDF清册标题/页眉为“南京云锦 博物馆藏品清册（云锦类）”；清册原始行：1 | YAAAB000000300 | 清末大红地四则宝灯锦 | 清末 | 1 | 征集购买 |  |  | ,2026-09-03,true,nanjing_yunjin,high,,宝灯,yunjin_YAAAB000000300.png,data/official/evidence/catalog_pages/yunjin_page_001.png,data/official/model_images_candidates/nanjing_yunjin/yunjin_YAAAB000000300.png,unknown,Copyright1990-2024 www.71nc.com 版权所有：南京云锦研究所有限公司 苏ICP备12069451号,72,89,true,false,low_for_extracted_thumbnail;manual_review_required,true,false,reference,d5e32e59ced24cdad9e452d5b41988e9c7cf72f910a7275776bf56280fdcba7c,官网清册提供可靠类别证据；授权未确认，因此不进入训练集。
official_yunjin_YAAAB000000400,official_yunjin_YAAAB000000400,official_catalog_pdf,南京历代云锦博物馆藏品室：云锦类1：540套,http://www.yjmuseum.com/cpwx/%E5%8D%97%E4%BA%AC%E5%8E%86%E4%BB%A3%E4%BA%91%E9%94%A6%E5%8D%9A%E7%89%A9%E9%A6%86%E8%97%8F%E5%93%81%E5%AE%A4%EF%BC%9A%E4%BA%91%E9%94%A6%E7%B1%BB1%EF%BC%9A540%E5%A5%97.pdf,http://www.yjmuseum.com/cpwx/%E5%8D%97%E4%BA%AC%E5%8E%86%E4%BB%A3%E4%BA%91%E9%94%A6%E5%8D%9A%E7%89%A9%E9%A6%86%E8%97%8F%E5%93%81%E5%AE%A4%EF%BC%9A%E4%BA%91%E9%94%A6%E7%B1%BB1%EF%BC%9A540%E5%A5%97.pdf#page=1,南京历代云锦博物馆藏品室：云锦类1：540套,清末白地牡丹织金缎,YAAAB000000400,南京历代云锦博物馆藏品室：云锦类1：540套；PDF清册标题/页眉为“南京云锦 博物馆藏品清册（云锦类）”,南京历代云锦博物馆藏品室：云锦类1：540套；PDF清册标题/页眉为“南京云锦 博物馆藏品清册（云锦类）”；清册原始行：2 | YAAAB000000400 | 清末白地牡丹织金缎 | 清末 | 1 | 征集购买 |  |  | ,2026-09-03,true,nanjing_yunjin,high,织金,牡丹,yunjin_YAAAB000000400.png,data/official/evidence/catalog_pages/yunjin_page_001.png,data/official/model_images_candidates/nanjing_yunjin/yunjin_YAAAB000000400.png,unknown,Copyright1990-2024 www.71nc.com 版权所有：南京云锦研究所有限公司 苏ICP备12069451号,101,70,true,false,low_for_extracted_thumbnail;manual_review_required,true,false,reference,081c0949739c7937ead4ec6f4a6e293a26839357d8eca70e3c7ba32897563a9a,官网清册提供可靠类别证据；授权未确认，因此不进入训练集。
official_yunjin_YAAAB000000500,official_yunjin_YAAAB000000500,official_catalog_pdf,南京历代云锦博物馆藏品室：云锦类1：540套,http://www.yjmuseum.com/cpwx/%E5%8D%97%E4%BA%AC%E5%8E%86%E4%BB%A3%E4%BA%91%E9%94%A6%E5%8D%9A%E7%89%A9%E9%A6%86%E8%97%8F%E5%93%81%E5%AE%A4%EF%BC%9A%E4%BA%91%E9%94%A6%E7%B1%BB1%EF%BC%9A540%E5%A5%97.pdf,http://www.yjmuseum.com/cpwx/%E5%8D%97%E4%BA%AC%E5%8E%86%E4%BB%A3%E4%BA%91%E9%94%A6%E5%8D%9A%E7%89%A9%E9%A6%86%E8%97%8F%E5%93%81%E5%AE%A4%EF%BC%9A%E4%BA%91%E9%94%A6%E7%B1%BB1%EF%BC%9A540%E5%A5%97.pdf#page=1,南京历代云锦博物馆藏品室：云锦类1：540套,清末蓝地长圆寿织金库缎,YAAAB000000500,南京历代云锦博物馆藏品室：云锦类1：540套；PDF清册标题/页眉为“南京云锦 博物馆藏品清册（云锦类）”,南京历代云锦博物馆藏品室：云锦类1：540套；PDF清册标题/页眉为“南京云锦 博物馆藏品清册（云锦类）”；清册原始行：3 | YAAAB000000500 | 清末蓝地长圆寿织金库缎 | 清末 | 1 | 征集购买 |  |  | ,2026-09-03,true,nanjing_yunjin,high,织金;库缎,寿,yunjin_YAAAB000000500.png,data/official/evidence/catalog_pages/yunjin_page_001.png,data/official/model_images_candidates/nanjing_yunjin/yunjin_YAAAB000000500.png,unknown,Copyright1990-2024 www.71nc.com 版权所有：南京云锦研究所有限公司 苏ICP备12069451号,76,90,true,false,low_for_extracted_thumbnail;manual_review_required,true,false,reference,d77f8422f1cce33b69877649840bbe59535aacf79ddc56452903ae2bb949eecd,官网清册提供可靠类别证据；授权未确认，因此不进入训练集。
official_yunjin_YAAAB000000600,official_yunjin_YAAAB000000600,official_catalog_pdf,南京历代云锦博物馆藏品室：云锦类1：540套,http://www.yjmuseum.com/cpwx/%E5%8D%97%E4%BA%AC%E5%8E%86%E4%BB%A3%E4%BA%91%E9%94%A6%E5%8D%9A%E7%89%A9%E9%A6%86%E8%97%8F%E5%93%81%E5%AE%A4%EF%BC%9A%E4%BA%91%E9%94%A6%E7%B1%BB1%EF%BC%9A540%E5%A5%97.pdf,http://www.yjmuseum.com/cpwx/%E5%8D%97%E4%BA%AC%E5%8E%86%E4%BB%A3%E4%BA%91%E9%94%A6%E5%8D%9A%E7%89%A9%E9%A6%86%E8%97%8F%E5%93%81%E5%AE%A4%EF%BC%9A%E4%BA%91%E9%94%A6%E7%B1%BB1%EF%BC%9A540%E5%A5%97.pdf#page=1,南京历代云锦博物馆藏品室：云锦类1：540套,清末绿地八则织金多彩變龙锦,YAAAB000000600,南京历代云锦博物馆藏品室：云锦类1：540套；PDF清册标题/页眉为“南京云锦 博物馆藏品清册（云锦类）”,南京历代云锦博物馆藏品室：云锦类1：540套；PDF清册标题/页眉为“南京云锦 博物馆藏品清册（云锦类）”；清册原始行：4 | YAAAB000000600 | 清末绿地八则织金多彩變龙锦 | 清末 | 1 | 征集购买 |  |  | ,2026-09-03,true,nanjing_yunjin,high,织金,龙,yunjin_YAAAB000000600.png,data/official/evidence/catalog_pages/yunjin_page_001.png,data/official/model_images_candidates/nanjing_yunjin/yunjin_YAAAB000000600.png,unknown,Copyright1990-2024 www.71nc.com 版权所有：南京云锦研究所有限公司 苏ICP备12069451号,94,72,true,false,low_for_extracted_thumbnail;manual_review_required,true,false,reference,014ba98f067a86f58f36c626c108069951107d9de426106ca566c29556f87efb,官网清册提供可靠类别证据；授权未确认，因此不进入训练集。
official_yunjin_YAAAB000000700,official_yunjin_YAAAB000000700,official_catalog_pdf,南京历代云锦博物馆藏品室：云锦类1：540套,http://www.yjmuseum.com/cpwx/%E5%8D%97%E4%BA%AC%E5%8E%86%E4%BB%A3%E4%BA%91%E9%94%A6%E5%8D%9A%E7%89%A9%E9%A6%86%E8%97%8F%E5%93%81%E5%AE%A4%EF%BC%9A%E4%BA%91%E9%94%A6%E7%B1%BB1%EF%BC%9A540%E5%A5%97.pdf,http://www.yjmuseum.com/cpwx/%E5%8D%97%E4%BA%AC%E5%8E%86%E4%BB%A3%E4%BA%91%E9%94%A6%E5%8D%9A%E7%89%A9%E9%A6%86%E8%97%8F%E5%93%81%E5%AE%A4%EF%BC%9A%E4%BA%91%E9%94%A6%E7%B1%BB1%EF%BC%9A540%E5%A5%97.pdf#page=1,南京历代云锦博物馆藏品室：云锦类1：540套,清末墨绿地织金灵芝鹤寿妆花缎,YAAAB000000700,南京历代云锦博物馆藏品室：云锦类1：540套；PDF清册标题/页眉为“南京云锦 博物馆藏品清册（云锦类）”,南京历代云锦博物馆藏品室：云锦类1：540套；PDF清册标题/页眉为“南京云锦 博物馆藏品清册（云锦类）”；清册原始行：5 | YAAAB000000700 | 清末墨绿地织金灵芝鹤寿妆花缎 | 清末 | 1 | 征集购买 |  |  | ,2026-09-03,true,nanjing_yunjin,high,妆花;织金,灵芝;鹤;寿,yunjin_YAAAB000000700.png,data/official/evidence/catalog_pages/yunjin_page_001.png,data/official/model_images_candidates/nanjing_yunjin/yunjin_YAAAB000000700.png,unknown,Copyright1990-2024 www.71nc.com 版权所有：南京云锦研究所有限公司 苏ICP备12069451号,65,86,true,false,low_for_extracted_thumbnail;manual_review_required,true,false,reference,f7e88baf5c4d02c7eda3da739cc0a5fc0f7870b9e2626cb692035e0965520a26,官网清册提供可靠类别证据；授权未确认，因此不进入训练集。
official_yunjin_YAAAB000000800,official_yunjin_YAAAB000000800,official_catalog_pdf,南京历代云锦博物馆藏品室：云锦类1：540套,http://www.yjmuseum.com/cpwx/%E5%8D%97%E4%BA%AC%E5%8E%86%E4%BB%A3%E4%BA%91%E9%94%A6%E5%8D%9A%E7%89%A9%E9%A6%86%E8%97%8F%E5%93%81%E5%AE%A4%EF%BC%9A%E4%BA%91%E9%94%A6%E7%B1%BB1%EF%BC%9A540%E5%A5%97.pdf,http://www.yjmuseum.com/cpwx/%E5%8D%97%E4%BA%AC%E5%8E%86%E4%BB%A3%E4%BA%91%E9%94%A6%E5%8D%9A%E7%89%A9%E9%A6%86%E8%97%8F%E5%93%81%E5%AE%A4%EF%BC%9A%E4%BA%91%E9%94%A6%E7%B1%BB1%EF%BC%9A540%E5%A5%97.pdf#page=2,南京历代云锦博物馆藏品室：云锦类1：540套,清末对鸟对羊纹锦,YAAAB000000800,南京历代云锦博物馆藏品室：云锦类1：540套；PDF清册标题/页眉为“南京云锦 博物馆藏品清册（云锦类）”,南京历代云锦博物馆藏品室：云锦类1：540套；PDF清册标题/页眉为“南京云锦 博物馆藏品清册（云锦类）”；清册原始行：6 | YAAAB000000800 | 清末对鸟对羊纹锦 | 清末 | 1 | 征集购买 |  |  | ,2026-09-03,true,nanjing_yunjin,high,,,yunjin_YAAAB000000800.png,data/official/evidence/catalog_pages/yunjin_page_002.png,data/official/model_images_candidates/nanjing_yunjin/yunjin_YAAAB000000800.png,unknown,Copyright1990-2024 www.71nc.com 版权所有：南京云锦研究所有限公司 苏ICP备12069451号,242,172,true,false,low_for_extracted_thumbnail;manual_review_required,true,false,reference,08247db07a961603b16e612271f017bf52aa05ad451d57530ae9f28bfc71c8dd,官网清册提供可靠类别证据；授权未确认，因此不进入训练集。
official_yunjin_YAAAB000000900,official_yunjin_YAAAB000000900,official_catalog_pdf,南京历代云锦博物馆藏品室：云锦类1：540套,http://www.yjmuseum.com/cpwx/%E5%8D%97%E4%BA%AC%E5%8E%86%E4%BB%A3%E4%BA%91%E9%94%A6%E5%8D%9A%E7%89%A9%E9%A6%86%E8%97%8F%E5%93%81%E5%AE%A4%EF%BC%9A%E4%BA%91%E9%94%A6%E7%B1%BB1%EF%BC%9A540%E5%A5%97.pdf,http://www.yjmuseum.com/cpwx/%E5%8D%97%E4%BA%AC%E5%8E%86%E4%BB%A3%E4%BA%91%E9%94%A6%E5%8D%9A%E7%89%A9%E9%A6%86%E8%97%8F%E5%93%81%E5%AE%A4%EF%BC%9A%E4%BA%91%E9%94%A6%E7%B1%BB1%EF%BC%9A540%E5%A5%97.pdf#page=2,南京历代云锦博物馆藏品室：云锦类1：540套,清湖色正“卍”字织金缎,YAAAB000000900,南京历代云锦博物馆藏品室：云锦类1：540套；PDF清册标题/页眉为“南京云锦 博物馆藏品清册（云锦类）”,南京历代云锦博物馆藏品室：云锦类1：540套；PDF清册标题/页眉为“南京云锦 博物馆藏品清册（云锦类）”；清册原始行：7 | YAAAB000000900 | 清湖色正“卍”字织金缎 | 清 | 1 | 征集购买 |  |  | ,2026-09-03,true,nanjing_yunjin,high,织金,,yunjin_YAAAB000000900.png,data/official/evidence/catalog_pages/yunjin_page_002.png,data/official/model_images_candidates/nanjing_yunjin/yunjin_YAAAB000000900.png,unknown,Copyright1990-2024 www.71nc.com 版权所有：南京云锦研究所有限公司 苏ICP备12069451号,77,96,true,false,low_for_extracted_thumbnail;manual_review_required,true,false,reference,e0f696b7b11191dfb2f8befd1c0d3efcf065fa5262d520ec100fe1fe63cfa237,官网清册提供可靠类别证据；授权未确认，因此不进入训练集。
official_yunjin_YABAB000000100,official_yunjin_YABAB000000100,official_catalog_pdf,南京历代云锦博物馆藏品室：云锦类1：540套,http://www.yjmuseum.com/cpwx/%E5%8D%97%E4%BA%AC%E5%8E%86%E4%BB%A3%E4%BA%91%E9%94%A6%E5%8D%9A%E7%89%A9%E9%A6%86%E8%97%8F%E5%93%81%E5%AE%A4%EF%BC%9A%E4%BA%91%E9%94%A6%E7%B1%BB1%EF%BC%9A540%E5%A5%97.pdf,http://www.yjmuseum.com/cpwx/%E5%8D%97%E4%BA%AC%E5%8E%86%E4%BB%A3%E4%BA%91%E9%94%A6%E5%8D%9A%E7%89%A9%E9%A6%86%E8%97%8F%E5%93%81%E5%AE%A4%EF%BC%9A%E4%BA%91%E9%94%A6%E7%B1%BB1%EF%BC%9A540%E5%A5%97.pdf#page=2,南京历代云锦博物馆藏品室：云锦类1：540套,20世纪80年代复制明代四合如意云纹亮花绸,YABAB000000100,南京历代云锦博物馆藏品室：云锦类1：540套；PDF清册标题/页眉为“南京云锦 博物馆藏品清册（云锦类）”,南京历代云锦博物馆藏品室：云锦类1：540套；PDF清册标题/页眉为“南京云锦 博物馆藏品清册（云锦类）”；清册原始行：8 | YABAB000000100 | 20世纪80年代复制明代四合如意云纹亮花绸 | 20世纪80年代 | 1 | 文物复制 | 955 | 63 | ,2026-09-03,true,nanjing_yunjin,high,,,yunjin_YABAB000000100.png,data/official/evidence/catalog_pages/yunjin_page_002.png,data/official/model_images_candidates/nanjing_yunjin/yunjin_YABAB000000100.png,unknown,Copyright1990-2024 www.71nc.com 版权所有：南京云锦研究所有限公司 苏ICP备12069451号,89,98,true,false,low_for_extracted_thumbnail;manual_review_required,true,false,reference,a2ca30979daf980880ab5139e1f50826e6b07d84dcde4dbea51a1fead1ec8d74,官网清册提供可靠类别证据；授权未确认，因此不进入训练集。
official_yunjin_YABAB000000200,official_yunjin_YABAB000000200,official_catalog_pdf,南京历代云锦博物馆藏品室：云锦类1：540套,http://www.yjmuseum.com/cpwx/%E5%8D%97%E4%BA%AC%E5%8E%86%E4%BB%A3%E4%BA%91%E9%94%A6%E5%8D%9A%E7%89%A9%E9%A6%86%E8%97%8F%E5%93%81%E5%AE%A4%EF%BC%9A%E4%BA%91%E9%94%A6%E7%B1%BB1%EF%BC%9A540%E5%A5%97.pdf,http://www.yjmuseum.com/cpwx/%E5%8D%97%E4%BA%AC%E5%8E%86%E4%BB%A3%E4%BA%91%E9%94%A6%E5%8D%9A%E7%89%A9%E9%A6%86%E8%97%8F%E5%93%81%E5%AE%A4%EF%BC%9A%E4%BA%91%E9%94%A6%E7%B1%BB1%EF%BC%9A540%E5%A5%97.pdf#page=2,南京历代云锦博物馆藏品室：云锦类1：540套,20世纪80年代复制明代青地八宝纹绸,YABAB000000200,南京历代云锦博物馆藏品室：云锦类1：540套；PDF清册标题/页眉为“南京云锦 博物馆藏品清册（云锦类）”,南京历代云锦博物馆藏品室：云锦类1：540套；PDF清册标题/页眉为“南京云锦 博物馆藏品清册（云锦类）”；清册原始行：9 | YABAB000000200 | 20世纪80年代复制明代青地八宝纹绸 | 20世纪80年代 | 1 | 文物复制 |  |  | ,2026-09-03,true,nanjing_yunjin,high,,八宝,yunjin_YABAB000000200.png,data/official/evidence/catalog_pages/yunjin_page_002.png,data/official/model_images_candidates/nanjing_yunjin/yunjin_YABAB000000200.png,unknown,Copyright1990-2024 www.71nc.com 版权所有：南京云锦研究所有限公司 苏ICP备12069451号,78,85,true,false,low_for_extracted_thumbnail;manual_review_required,true,false,reference,8b4b7e701ac58903eb27a9a9bce596582d910d9b5b00febf6dd68efff9f13ddd,官网清册提供可靠类别证据；授权未确认，因此不进入训练集。
official_yunjin_YABAB000000300,official_yunjin_YABAB000000300,official_catalog_pdf,南京历代云锦博物馆藏品室：云锦类1：540套,http://www.yjmuseum.com/cpwx/%E5%8D%97%E4%BA%AC%E5%8E%86%E4%BB%A3%E4%BA%91%E9%94%A6%E5%8D%9A%E7%89%A9%E9%A6%86%E8%97%8F%E5%93%81%E5%AE%A4%EF%BC%9A%E4%BA%91%E9%94%A6%E7%B1%BB1%EF%BC%9A540%E5%A5%97.pdf,http://www.yjmuseum.com/cpwx/%E5%8D%97%E4%BA%AC%E5%8E%86%E4%BB%A3%E4%BA%91%E9%94%A6%E5%8D%9A%E7%89%A9%E9%A6%86%E8%97%8F%E5%93%81%E5%AE%A4%EF%BC%9A%E4%BA%91%E9%94%A6%E7%B1%BB1%EF%BC%9A540%E5%A5%97.pdf#page=2,南京历代云锦博物馆藏品室：云锦类1：540套,20世纪80年代复制明代红地落花流水双面锦,YABAB000000300,南京历代云锦博物馆藏品室：云锦类1：540套；PDF清册标题/页眉为“南京云锦 博物馆藏品清册（云锦类）”,南京历代云锦博物馆藏品室：云锦类1：540套；PDF清册标题/页眉为“南京云锦 博物馆藏品清册（云锦类）”；清册原始行：10 | YABAB000000300 | 20世纪80年代复制明代红地落花流水双面锦 | 20世纪80年代 | 1 | 文物复制 |  |  | ,2026-09-03,true,nanjing_yunjin,high,,,yunjin_YABAB000000300.png,data/official/evidence/catalog_pages/yunjin_page_002.png,data/official/model_images_candidates/nanjing_yunjin/yunjin_YABAB000000300.png,unknown,Copyright1990-2024 www.71nc.com 版权所有：南京云锦研究所有限公司 苏ICP备12069451号,103,70,true,false,low_for_extracted_thumbnail;manual_review_required,true,false,reference,df7c129fd101ddfb2c0aaafd6438a7d1c12a1e66bc2382d8cdd81351bed78415,官网清册提供可靠类别证据；授权未确认，因此不进入训练集。
official_yunjin_YABAB000000400,official_yunjin_YABAB000000400,official_catalog_pdf,南京历代云锦博物馆藏品室：云锦类1：540套,http://www.yjmuseum.com/cpwx/%E5%8D%97%E4%BA%AC%E5%8E%86%E4%BB%A3%E4%BA%91%E9%94%A6%E5%8D%9A%E7%89%A9%E9%A6%86%E8%97%8F%E5%93%81%E5%AE%A4%EF%BC%9A%E4%BA%91%E9%94%A6%E7%B1%BB1%EF%BC%9A540%E5%A5%97.pdf,http://www.yjmuseum.com/cpwx/%E5%8D%97%E4%BA%AC%E5%8E%86%E4%BB%A3%E4%BA%91%E9%94%A6%E5%8D%9A%E7%89%A9%E9%A6%86%E8%97%8F%E5%93%81%E5%AE%A4%EF%BC%9A%E4%BA%91%E9%94%A6%E7%B1%BB1%EF%BC%9A540%E5%A5%97.pdf#page=2,南京历代云锦博物馆藏品室：云锦类1：540套,20世纪80年代复制明代红织金妆花奔兔纱,YABAB000000400,南京历代云锦博物馆藏品室：云锦类1：540套；PDF清册标题/页眉为“南京云锦 博物馆藏品清册（云锦类）”,南京历代云锦博物馆藏品室：云锦类1：540套；PDF清册标题/页眉为“南京云锦 博物馆藏品清册（云锦类）”；清册原始行：11 | YABAB000000400 | 20世纪80年代复制明代红织金妆花奔兔纱 | 20世纪80年代 | 1 | 文物复制 |  |  | ,2026-09-03,true,nanjing_yunjin,high,妆花;织金,,yunjin_YABAB000000400.png,data/official/evidence/catalog_pages/yunjin_page_002.png,data/official/model_images_candidates/nanjing_yunjin/yunjin_YABAB000000400.png,unknown,Copyright1990-2024 www.71nc.com 版权所有：南京云锦研究所有限公司 苏ICP备12069451号,70,92,true,false,low_for_extracted_thumbnail;manual_review_required,true,false,reference,f343ca562c5c35c7d5efa3e97b0d1172b960a89921e9aa38f1eab0f94003dba5,官网清册提供可靠类别证据；授权未确认，因此不进入训练集。
official_yunjin_YABAB000000500,official_yunjin_YABAB000000500,official_catalog_pdf,南京历代云锦博物馆藏品室：云锦类1：540套,http://www.yjmuseum.com/cpwx/%E5%8D%97%E4%BA%AC%E5%8E%86%E4%BB%A3%E4%BA%91%E9%94%A6%E5%8D%9A%E7%89%A9%E9%A6%86%E8%97%8F%E5%93%81%E5%AE%A4%EF%BC%9A%E4%BA%91%E9%94%A6%E7%B1%BB1%EF%BC%9A540%E5%A5%97.pdf,http://www.yjmuseum.com/cpwx/%E5%8D%97%E4%BA%AC%E5%8E%86%E4%BB%A3%E4%BA%91%E9%94%A6%E5%8D%9A%E7%89%A9%E9%A6%86%E8%97%8F%E5%93%81%E5%AE%A4%EF%BC%9A%E4%BA%91%E9%94%A6%E7%B1%BB1%EF%BC%9A540%E5%A5%97.pdf#page=3,南京历代云锦博物馆藏品室：云锦类1：540套,20世纪80年代复制明代黄回纹地妆花小团龙纹罗,YABAB000000500,南京历代云锦博物馆藏品室：云锦类1：540套；PDF清册标题/页眉为“南京云锦 博物馆藏品清册（云锦类）”,南京历代云锦博物馆藏品室：云锦类1：540套；PDF清册标题/页眉为“南京云锦 博物馆藏品清册（云锦类）”；清册原始行：12 | YABAB000000500 | 20世纪80年代复制明代黄回纹地妆花小团龙纹罗 | 20世纪80年代 | 1 | 文物复制 |  |  | ,2026-09-03,true,nanjing_yunjin,high,妆花,龙,yunjin_YABAB000000500.png,data/official/evidence/catalog_pages/yunjin_page_003.png,data/official/model_images_candidates/nanjing_yunjin/yunjin_YABAB000000500.png,unknown,Copyright1990-2024 www.71nc.com 版权所有：南京云锦研究所有限公司 苏ICP备12069451号,77,89,true,false,low_for_extracted_thumbnail;manual_review_required,true,false,reference,e16ccfe347da9cb41008dc662b9015ea1bee469996ace36c98d1dc974dea7348,官网清册提供可靠类别证据；授权未确认，因此不进入训练集。
official_yunjin_YABAB000000600,official_yunjin_YABAB000000600,official_catalog_pdf,南京历代云锦博物馆藏品室：云锦类1：540套,http://www.yjmuseum.com/cpwx/%E5%8D%97%E4%BA%AC%E5%8E%86%E4%BB%A3%E4%BA%91%E9%94%A6%E5%8D%9A%E7%89%A9%E9%A6%86%E8%97%8F%E5%93%81%E5%AE%A4%EF%BC%9A%E4%BA%91%E9%94%A6%E7%B1%BB1%EF%BC%9A540%E5%A5%97.pdf,http://www.yjmuseum.com/cpwx/%E5%8D%97%E4%BA%AC%E5%8E%86%E4%BB%A3%E4%BA%91%E9%94%A6%E5%8D%9A%E7%89%A9%E9%A6%86%E8%97%8F%E5%93%81%E5%AE%A4%EF%BC%9A%E4%BA%91%E9%94%A6%E7%B1%BB1%EF%BC%9A540%E5%A5%97.pdf#page=3,南京历代云锦博物馆藏品室：云锦类1：540套,20世纪80年代复制明代黄曲水纹地串枝菊花锦,YABAB000000600,南京历代云锦博物馆藏品室：云锦类1：540套；PDF清册标题/页眉为“南京云锦 博物馆藏品清册（云锦类）”,南京历代云锦博物馆藏品室：云锦类1：540套；PDF清册标题/页眉为“南京云锦 博物馆藏品清册（云锦类）”；清册原始行：13 | YABAB000000600 | 20世纪80年代复制明代黄曲水纹地串枝菊花锦 | 20世纪80年代 | 1 | 文物复制 |  |  | ,2026-09-03,true,nanjing_yunjin,high,,,yunjin_YABAB000000600.png,data/official/evidence/catalog_pages/yunjin_page_003.png,data/official/model_images_candidates/nanjing_yunjin/yunjin_YABAB000000600.png,unknown,Copyright1990-2024 www.71nc.com 版权所有：南京云锦研究所有限公司 苏ICP备12069451号,74,90,true,false,low_for_extracted_thumbnail;manual_review_required,true,false,reference,a23f6c844552ba6a8dfd3e4ed0b1c5160aa9c14ed3df20364c6b52a2b7cd4ba5,官网清册提供可靠类别证据；授权未确认，因此不进入训练集。
official_yunjin_YABAB000000700,official_yunjin_YABAB000000700,official_catalog_pdf,南京历代云锦博物馆藏品室：云锦类1：540套,http://www.yjmuseum.com/cpwx/%E5%8D%97%E4%BA%AC%E5%8E%86%E4%BB%A3%E4%BA%91%E9%94%A6%E5%8D%9A%E7%89%A9%E9%A6%86%E8%97%8F%E5%93%81%E5%AE%A4%EF%BC%9A%E4%BA%91%E9%94%A6%E7%B1%BB1%EF%BC%9A540%E5%A5%97.pdf,http://www.yjmuseum.com/cpwx/%E5%8D%97%E4%BA%AC%E5%8E%86%E4%BB%A3%E4%BA%91%E9%94%A6%E5%8D%9A%E7%89%A9%E9%A6%86%E8%97%8F%E5%93%81%E5%AE%A4%EF%BC%9A%E4%BA%91%E9%94%A6%E7%B1%BB1%EF%BC%9A540%E5%A5%97.pdf#page=3,南京历代云锦博物馆藏品室：云锦类1：540套,20世纪80年代复制明代绛红织金妆花喜字串枝并蒂莲妆花缎,YABAB000000700,南京历代云锦博物馆藏品室：云锦类1：540套；PDF清册标题/页眉为“南京云锦 博物馆藏品清册（云锦类）”,南京历代云锦博物馆藏品室：云锦类1：540套；PDF清册标题/页眉为“南京云锦 博物馆藏品清册（云锦类）”；清册原始行：14 | YABAB000000700 | 20世纪80年代复制明代绛红织金妆花喜字串枝并蒂莲妆花缎 | 20世纪80年代 | 1 | 文物复制 |  |  | ,2026-09-03,true,nanjing_yunjin,high,妆花;织金,莲,yunjin_YABAB000000700.png,data/official/evidence/catalog_pages/yunjin_page_003.png,data/official/model_images_candidates/nanjing_yunjin/yunjin_YABAB000000700.png,unknown,Copyright1990-2024 www.71nc.com 版权所有：南京云锦研究所有限公司 苏ICP备12069451号,83,86,true,false,low_for_extracted_thumbnail;manual_review_required,true,false,reference,19af3745ad0060c349f65db496138e849acda59209a10b8fbdc229b9150bd170,官网清册提供可靠类别证据；授权未确认，因此不进入训练集。
official_yunjin_YABAB000000800,official_yunjin_YABAB000000800,official_catalog_pdf,南京历代云锦博物馆藏品室：云锦类1：540套,http://www.yjmuseum.com/cpwx/%E5%8D%97%E4%BA%AC%E5%8E%86%E4%BB%A3%E4%BA%91%E9%94%A6%E5%8D%9A%E7%89%A9%E9%A6%86%E8%97%8F%E5%93%81%E5%AE%A4%EF%BC%9A%E4%BA%91%E9%94%A6%E7%B1%BB1%EF%BC%9A540%E5%A5%97.pdf,http://www.yjmuseum.com/cpwx/%E5%8D%97%E4%BA%AC%E5%8E%86%E4%BB%A3%E4%BA%91%E9%94%A6%E5%8D%9A%E7%89%A9%E9%A6%86%E8%97%8F%E5%93%81%E5%AE%A4%EF%BC%9A%E4%BA%91%E9%94%A6%E7%B1%BB1%EF%BC%9A540%E5%A5%97.pdf#page=3,南京历代云锦博物馆藏品室：云锦类1：540套,20世纪80年代复制清童子攀枝莲妆花缎,YABAB000000800,南京历代云锦博物馆藏品室：云锦类1：540套；PDF清册标题/页眉为“南京云锦 博物馆藏品清册（云锦类）”,南京历代云锦博物馆藏品室：云锦类1：540套；PDF清册标题/页眉为“南京云锦 博物馆藏品清册（云锦类）”；清册原始行：15 | YABAB000000800 | 20世纪80年代复制清童子攀枝莲妆花缎 | 20世纪80年代 | 1 | 文物复制 |  |  | ,2026-09-03,true,nanjing_yunjin,high,妆花,莲,yunjin_YABAB000000800.png,data/official/evidence/catalog_pages/yunjin_page_003.png,data/official/model_images_candidates/nanjing_yunjin/yunjin_YABAB000000800.png,unknown,Copyright1990-2024 www.71nc.com 版权所有：南京云锦研究所有限公司 苏ICP备12069451号,72,86,true,false,low_for_extracted_thumbnail;manual_review_required,true,false,reference,9a0464ffd55710a56958f321906a52af988a9ac3d51949dd405e72f2455ce9b7,官网清册提供可靠类别证据；授权未确认，因此不进入训练集。
official_yunjin_YABAB000000900,official_yunjin_YABAB000000900,official_catalog_pdf,南京历代云锦博物馆藏品室：云锦类1：540套,http://www.yjmuseum.com/cpwx/%E5%8D%97%E4%BA%AC%E5%8E%86%E4%BB%A3%E4%BA%91%E9%94%A6%E5%8D%9A%E7%89%A9%E9%A6%86%E8%97%8F%E5%93%81%E5%AE%A4%EF%BC%9A%E4%BA%91%E9%94%A6%E7%B1%BB1%EF%BC%9A540%E5%A5%97.pdf,http://www.yjmuseum.com/cpwx/%E5%8D%97%E4%BA%AC%E5%8E%86%E4%BB%A3%E4%BA%91%E9%94%A6%E5%8D%9A%E7%89%A9%E9%A6%86%E8%97%8F%E5%93%81%E5%AE%A4%EF%BC%9A%E4%BA%91%E9%94%A6%E7%B1%BB1%EF%BC%9A540%E5%A5%97.pdf#page=3,南京历代云锦博物馆藏品室：云锦类1：540套,20世纪80年代复制金代织金双鸾朵梅,YABAB000000900,南京历代云锦博物馆藏品室：云锦类1：540套；PDF清册标题/页眉为“南京云锦 博物馆藏品清册（云锦类）”,南京历代云锦博物馆藏品室：云锦类1：540套；PDF清册标题/页眉为“南京云锦 博物馆藏品清册（云锦类）”；清册原始行：16 | YABAB000000900 | 20世纪80年代复制金代织金双鸾朵梅 | 20世纪80年代 | 1 | 文物复制 |  |  | ,2026-09-03,true,nanjing_yunjin,high,织金,,yunjin_YABAB000000900.png,data/official/evidence/catalog_pages/yunjin_page_003.png,data/official/model_images_candidates/nanjing_yunjin/yunjin_YABAB000000900.png,unknown,Copyright1990-2024 www.71nc.com 版权所有：南京云锦研究所有限公司 苏ICP备12069451号,75,90,true,false,low_for_extracted_thumbnail;manual_review_required,true,false,reference,7622184dd4571138be3fed7c2f43d17cf818c726401ed838a6b95d0ee4762a79,官网清册提供可靠类别证据；授权未确认，因此不进入训练集。
official_yunjin_YABAB000001000,official_yunjin_YABAB000001000,official_catalog_pdf,南京历代云锦博物馆藏品室：云锦类1：540套,http://www.yjmuseum.com/cpwx/%E5%8D%97%E4%BA%AC%E5%8E%86%E4%BB%A3%E4%BA%91%E9%94%A6%E5%8D%9A%E7%89%A9%E9%A6%86%E8%97%8F%E5%93%81%E5%AE%A4%EF%BC%9A%E4%BA%91%E9%94%A6%E7%B1%BB1%EF%BC%9A540%E5%A5%97.pdf,http://www.yjmuseum.com/cpwx/%E5%8D%97%E4%BA%AC%E5%8E%86%E4%BB%A3%E4%BA%91%E9%94%A6%E5%8D%9A%E7%89%A9%E9%A6%86%E8%97%8F%E5%93%81%E5%AE%A4%EF%BC%9A%E4%BA%91%E9%94%A6%E7%B1%BB1%EF%BC%9A540%E5%A5%97.pdf#page=3,南京历代云锦博物馆藏品室：云锦类1：540套,20世纪80年代复制织金寸蟒妆花缎,YABAB000001000,南京历代云锦博物馆藏品室：云锦类1：540套；PDF清册标题/页眉为“南京云锦 博物馆藏品清册（云锦类）”,南京历代云锦博物馆藏品室：云锦类1：540套；PDF清册标题/页眉为“南京云锦 博物馆藏品清册（云锦类）”；清册原始行：17 | YABAB000001000 | 20世纪80年代复制织金寸蟒妆花缎 | 20世纪80年代 | 1 | 文物复制 |  |  | ,2026-09-03,true,nanjing_yunjin,high,妆花;织金,,yunjin_YABAB000001000.png,data/official/evidence/catalog_pages/yunjin_page_003.png,data/official/model_images_candidates/nanjing_yunjin/yunjin_YABAB000001000.png,unknown,Copyright1990-2024 www.71nc.com 版权所有：南京云锦研究所有限公司 苏ICP备12069451号,92,71,true,false,low_for_extracted_thumbnail;manual_review_required,true,false,reference,290a14a2cc7cf2cf8d26b810dcefbd67d808d2c372c25647e9b1dcd8085ad58f,官网清册提供可靠类别证据；授权未确认，因此不进入训练集。
official_yunjin_YABAB000001100,official_yunjin_YABAB000001100,official_catalog_pdf,南京历代云锦博物馆藏品室：云锦类1：540套,http://www.yjmuseum.com/cpwx/%E5%8D%97%E4%BA%AC%E5%8E%86%E4%BB%A3%E4%BA%91%E9%94%A6%E5%8D%9A%E7%89%A9%E9%A6%86%E8%97%8F%E5%93%81%E5%AE%A4%EF%BC%9A%E4%BA%91%E9%94%A6%E7%B1%BB1%EF%BC%9A540%E5%A5%97.pdf,http://www.yjmuseum.com/cpwx/%E5%8D%97%E4%BA%AC%E5%8E%86%E4%BB%A3%E4%BA%91%E9%94%A6%E5%8D%9A%E7%89%A9%E9%A6%86%E8%97%8F%E5%93%81%E5%AE%A4%EF%BC%9A%E4%BA%91%E9%94%A6%E7%B1%BB1%EF%BC%9A540%E5%A5%97.pdf#page=4,南京历代云锦博物馆藏品室：云锦类1：540套,20世纪80年代复制明代织金妆花樗蒲纹纱,YABAB000001100,南京历代云锦博物馆藏品室：云锦类1：540套；PDF清册标题/页眉为“南京云锦 博物馆藏品清册（云锦类）”,南京历代云锦博物馆藏品室：云锦类1：540套；PDF清册标题/页眉为“南京云锦 博物馆藏品清册（云锦类）”；清册原始行：18 | YABAB000001100 | 20世纪80年代复制明代织金妆花樗蒲纹纱 | 20世纪80年代 | 1 | 文物复制 |  |  | ,2026-09-03,true,nanjing_yunjin,high,妆花;织金,,yunjin_YABAB000001100.png,data/official/evidence/catalog_pages/yunjin_page_004.png,data/official/model_images_candidates/nanjing_yunjin/yunjin_YABAB000001100.png,unknown,Copyright1990-2024 www.71nc.com 版权所有：南京云锦研究所有限公司 苏ICP备12069451号,251,172,true,false,low_for_extracted_thumbnail;manual_review_required,true,false,reference,855a37af8a929f053f978e6eebddebd9b46ae729ebf8fc4a8a8941f4f8ddf8b6,官网清册提供可靠类别证据；授权未确认，因此不进入训练集。
official_yunjin_YABAB000001200,official_yunjin_YABAB000001200,official_catalog_pdf,南京历代云锦博物馆藏品室：云锦类1：540套,http://www.yjmuseum.com/cpwx/%E5%8D%97%E4%BA%AC%E5%8E%86%E4%BB%A3%E4%BA%91%E9%94%A6%E5%8D%9A%E7%89%A9%E9%A6%86%E8%97%8F%E5%93%81%E5%AE%A4%EF%BC%9A%E4%BA%91%E9%94%A6%E7%B1%BB1%EF%BC%9A540%E5%A5%97.pdf,http://www.yjmuseum.com/cpwx/%E5%8D%97%E4%BA%AC%E5%8E%86%E4%BB%A3%E4%BA%91%E9%94%A6%E5%8D%9A%E7%89%A9%E9%A6%86%E8%97%8F%E5%93%81%E5%AE%A4%EF%BC%9A%E4%BA%91%E9%94%A6%E7%B1%BB1%EF%BC%9A540%E5%A5%97.pdf#page=4,南京历代云锦博物馆藏品室：云锦类1：540套,20世纪80年代复制黑地红纹龙凤串枝花缎,YABAB000001200,南京历代云锦博物馆藏品室：云锦类1：540套；PDF清册标题/页眉为“南京云锦 博物馆藏品清册（云锦类）”,南京历代云锦博物馆藏品室：云锦类1：540套；PDF清册标题/页眉为“南京云锦 博物馆藏品清册（云锦类）”；清册原始行：19 | YABAB000001200 | 20世纪80年代复制黑地红纹龙凤串枝花缎 | 20世纪80年代 | 1 | 文物复制 |  |  | ,2026-09-03,true,nanjing_yunjin,high,,龙;凤,yunjin_YABAB000001200.png,data/official/evidence/catalog_pages/yunjin_page_004.png,data/official/model_images_candidates/nanjing_yunjin/yunjin_YABAB000001200.png,unknown,Copyright1990-2024 www.71nc.com 版权所有：南京云锦研究所有限公司 苏ICP备12069451号,251,172,true,false,low_for_extracted_thumbnail;manual_review_required,true,false,reference,3ee0b6cfa66c9095739c69fd76f942bcf67149d974979afb41e9d6b61fbb2fa4,官网清册提供可靠类别证据；授权未确认，因此不进入训练集。
official_yunjin_YABAB000001300,official_yunjin_YABAB000001300,official_catalog_pdf,南京历代云锦博物馆藏品室：云锦类1：540套,http://www.yjmuseum.com/cpwx/%E5%8D%97%E4%BA%AC%E5%8E%86%E4%BB%A3%E4%BA%91%E9%94%A6%E5%8D%9A%E7%89%A9%E9%A6%86%E8%97%8F%E5%93%81%E5%AE%A4%EF%BC%9A%E4%BA%91%E9%94%A6%E7%B1%BB1%EF%BC%9A540%E5%A5%97.pdf,http://www.yjmuseum.com/cpwx/%E5%8D%97%E4%BA%AC%E5%8E%86%E4%BB%A3%E4%BA%91%E9%94%A6%E5%8D%9A%E7%89%A9%E9%A6%86%E8%97%8F%E5%93%81%E5%AE%A4%EF%BC%9A%E4%BA%91%E9%94%A6%E7%B1%BB1%EF%BC%9A540%E5%A5%97.pdf#page=4,南京历代云锦博物馆藏品室：云锦类1：540套,20世纪80年代复制鲤鱼戏水金宝地,YABAB000001300,南京历代云锦博物馆藏品室：云锦类1：540套；PDF清册标题/页眉为“南京云锦 博物馆藏品清册（云锦类）”,南京历代云锦博物馆藏品室：云锦类1：540套；PDF清册标题/页眉为“南京云锦 博物馆藏品清册（云锦类）”；清册原始行：20 | YABAB000001300 | 20世纪80年代复制鲤鱼戏水金宝地 | 20世纪80年代 | 1 | 文物复制 |  |  | ,2026-09-03,true,nanjing_yunjin,high,,,yunjin_YABAB000001300.png,data/official/evidence/catalog_pages/yunjin_page_004.png,data/official/model_images_candidates/nanjing_yunjin/yunjin_YABAB000001300.png,unknown,Copyright1990-2024 www.71nc.com 版权所有：南京云锦研究所有限公司 苏ICP备12069451号,251,172,true,false,low_for_extracted_thumbnail;manual_review_required,true,false,reference,e90178477948d24c96b483ee6eb63bdc13a1e50a84ba28e27c51707ed11b78dc,官网清册提供可靠类别证据；授权未确认，因此不进入训练集。
official_yunjin_YBBCA000000100,official_yunjin_YBBCA000000100,official_catalog_pdf,南京历代云锦博物馆藏品室：云锦类1：540套,http://www.yjmuseum.com/cpwx/%E5%8D%97%E4%BA%AC%E5%8E%86%E4%BB%A3%E4%BA%91%E9%94%A6%E5%8D%9A%E7%89%A9%E9%A6%86%E8%97%8F%E5%93%81%E5%AE%A4%EF%BC%9A%E4%BA%91%E9%94%A6%E7%B1%BB1%EF%BC%9A540%E5%A5%97.pdf,http://www.yjmuseum.com/cpwx/%E5%8D%97%E4%BA%AC%E5%8E%86%E4%BB%A3%E4%BA%91%E9%94%A6%E5%8D%9A%E7%89%A9%E9%A6%86%E8%97%8F%E5%93%81%E5%AE%A4%EF%BC%9A%E4%BA%91%E9%94%A6%E7%B1%BB1%EF%BC%9A540%E5%A5%97.pdf#page=4,南京历代云锦博物馆藏品室：云锦类1：540套,20世纪80年代复制明代团龙小纳纱,YBBCA000000100,南京历代云锦博物馆藏品室：云锦类1：540套；PDF清册标题/页眉为“南京云锦 博物馆藏品清册（云锦类）”,南京历代云锦博物馆藏品室：云锦类1：540套；PDF清册标题/页眉为“南京云锦 博物馆藏品清册（云锦类）”；清册原始行：21 | YBBCA000000100 | 20世纪80年代复制明代团龙小纳纱 | 20世纪80年代 | 1 | 文物复制 |  |  | ,2026-09-03,true,nanjing_yunjin,high,,龙,yunjin_YBBCA000000100.png,data/official/evidence/catalog_pages/yunjin_page_004.png,data/official/model_images_candidates/nanjing_yunjin/yunjin_YBBCA000000100.png,unknown,Copyright1990-2024 www.71nc.com 版权所有：南京云锦研究所有限公司 苏ICP备12069451号,83,90,true,false,low_for_extracted_thumbnail;manual_review_required,true,false,reference,ba48f89cf6175116e4f20b1242149701ed0ccfa74334b72e179ac3d2547f63c1,官网清册提供可靠类别证据；授权未确认，因此不进入训练集。
official_yunjin_YBBCA000000200,official_yunjin_YBBCA000000200,official_catalog_pdf,南京历代云锦博物馆藏品室：云锦类1：540套,http://www.yjmuseum.com/cpwx/%E5%8D%97%E4%BA%AC%E5%8E%86%E4%BB%A3%E4%BA%91%E9%94%A6%E5%8D%9A%E7%89%A9%E9%A6%86%E8%97%8F%E5%93%81%E5%AE%A4%EF%BC%9A%E4%BA%91%E9%94%A6%E7%B1%BB1%EF%BC%9A540%E5%A5%97.pdf,http://www.yjmuseum.com/cpwx/%E5%8D%97%E4%BA%AC%E5%8E%86%E4%BB%A3%E4%BA%91%E9%94%A6%E5%8D%9A%E7%89%A9%E9%A6%86%E8%97%8F%E5%93%81%E5%AE%A4%EF%BC%9A%E4%BA%91%E9%94%A6%E7%B1%BB1%EF%BC%9A540%E5%A5%97.pdf#page=4,南京历代云锦博物馆藏品室：云锦类1：540套,20世纪80年代绞纱四合云底纹绞罗,YBBCA000000200,南京历代云锦博物馆藏品室：云锦类1：540套；PDF清册标题/页眉为“南京云锦 博物馆藏品清册（云锦类）”,南京历代云锦博物馆藏品室：云锦类1：540套；PDF清册标题/页眉为“南京云锦 博物馆藏品清册（云锦类）”；清册原始行：22 | YBBCA000000200 | 20世纪80年代绞纱四合云底纹绞罗 | 20世纪80年代 | 1 | 自主研发 |  |  | ,2026-09-03,true,nanjing_yunjin,high,,,yunjin_YBBCA000000200.png,data/official/evidence/catalog_pages/yunjin_page_004.png,data/official/model_images_candidates/nanjing_yunjin/yunjin_YBBCA000000200.png,unknown,Copyright1990-2024 www.71nc.com 版权所有：南京云锦研究所有限公司 苏ICP备12069451号,84,97,true,false,low_for_extracted_thumbnail;manual_review_required,true,false,reference,1f4890aa6d11f19c1ecc76ec7340bfc5d48dadc1b97297535db92e6ecf6bfff6,官网清册提供可靠类别证据；授权未确认，因此不进入训练集。
official_yunjin_YBBCA000000400,official_yunjin_YBBCA000000400,official_catalog_pdf,南京历代云锦博物馆藏品室：云锦类1：540套,http://www.yjmuseum.com/cpwx/%E5%8D%97%E4%BA%AC%E5%8E%86%E4%BB%A3%E4%BA%91%E9%94%A6%E5%8D%9A%E7%89%A9%E9%A6%86%E8%97%8F%E5%93%81%E5%AE%A4%EF%BC%9A%E4%BA%91%E9%94%A6%E7%B1%BB1%EF%BC%9A540%E5%A5%97.pdf,http://www.yjmuseum.com/cpwx/%E5%8D%97%E4%BA%AC%E5%8E%86%E4%BB%A3%E4%BA%91%E9%94%A6%E5%8D%9A%E7%89%A9%E9%A6%86%E8%97%8F%E5%93%81%E5%AE%A4%EF%BC%9A%E4%BA%91%E9%94%A6%E7%B1%BB1%EF%BC%9A540%E5%A5%97.pdf#page=4,南京历代云锦博物馆藏品室：云锦类1：540套,20世纪80年代复制田猎纹绦,YBBCA000000400,南京历代云锦博物馆藏品室：云锦类1：540套；PDF清册标题/页眉为“南京云锦 博物馆藏品清册（云锦类）”,南京历代云锦博物馆藏品室：云锦类1：540套；PDF清册标题/页眉为“南京云锦 博物馆藏品清册（云锦类）”；清册原始行：23 | YBBCA000000400 | 20世纪80年代复制田猎纹绦 | 20世纪80年代 | 1 | 文物复制 |  |  | ,2026-09-03,true,nanjing_yunjin,high,,,yunjin_YBBCA000000400.png,data/official/evidence/catalog_pages/yunjin_page_004.png,data/official/model_images_candidates/nanjing_yunjin/yunjin_YBBCA000000400.png,unknown,Copyright1990-2024 www.71nc.com 版权所有：南京云锦研究所有限公司 苏ICP备12069451号,77,94,true,false,low_for_extracted_thumbnail;manual_review_required,true,false,reference,c938e6c77845fe0c76cfd4be2469507aaa5773701f45d59ab6e5856f01fdc1ff,官网清册提供可靠类别证据；授权未确认，因此不进入训练集。
official_yunjin_YBBCA000000500,official_yunjin_YBBCA000000500,official_catalog_pdf,南京历代云锦博物馆藏品室：云锦类1：540套,http://www.yjmuseum.com/cpwx/%E5%8D%97%E4%BA%AC%E5%8E%86%E4%BB%A3%E4%BA%91%E9%94%A6%E5%8D%9A%E7%89%A9%E9%A6%86%E8%97%8F%E5%93%81%E5%AE%A4%EF%BC%9A%E4%BA%91%E9%94%A6%E7%B1%BB1%EF%BC%9A540%E5%A5%97.pdf,http://www.yjmuseum.com/cpwx/%E5%8D%97%E4%BA%AC%E5%8E%86%E4%BB%A3%E4%BA%91%E9%94%A6%E5%8D%9A%E7%89%A9%E9%A6%86%E8%97%8F%E5%93%81%E5%AE%A4%EF%BC%9A%E4%BA%91%E9%94%A6%E7%B1%BB1%EF%BC%9A540%E5%A5%97.pdf#page=5,南京历代云锦博物馆藏品室：云锦类1：540套,20世纪80年代兰地梅花提包料,YBBCA000000500,南京历代云锦博物馆藏品室：云锦类1：540套；PDF清册标题/页眉为“南京云锦 博物馆藏品清册（云锦类）”,南京历代云锦博物馆藏品室：云锦类1：540套；PDF清册标题/页眉为“南京云锦 博物馆藏品清册（云锦类）”；清册原始行：24 | YBBCA000000500 | 20世纪80年代兰地梅花提包料 | 20世纪80年代 | 1 | 自主研发 |  |  | ,2026-09-03,true,nanjing_yunjin,high,,,yunjin_YBBCA000000500.png,data/official/evidence/catalog_pages/yunjin_page_005.png,data/official/model_images_candidates/nanjing_yunjin/yunjin_YBBCA000000500.png,unknown,Copyright1990-2024 www.71nc.com 版权所有：南京云锦研究所有限公司 苏ICP备12069451号,251,172,true,false,low_for_extracted_thumbnail;manual_review_required,true,false,reference,e40bc1f529b59bc0bf7820806c109261736dd0a38de8602a8d87e59c19d2d42e,官网清册提供可靠类别证据；授权未确认，因此不进入训练集。
official_yunjin_YBBCA000000700,official_yunjin_YBBCA000000700,official_catalog_pdf,南京历代云锦博物馆藏品室：云锦类1：540套,http://www.yjmuseum.com/cpwx/%E5%8D%97%E4%BA%AC%E5%8E%86%E4%BB%A3%E4%BA%91%E9%94%A6%E5%8D%9A%E7%89%A9%E9%A6%86%E8%97%8F%E5%93%81%E5%AE%A4%EF%BC%9A%E4%BA%91%E9%94%A6%E7%B1%BB1%EF%BC%9A540%E5%A5%97.pdf,http://www.yjmuseum.com/cpwx/%E5%8D%97%E4%BA%AC%E5%8E%86%E4%BB%A3%E4%BA%91%E9%94%A6%E5%8D%9A%E7%89%A9%E9%A6%86%E8%97%8F%E5%93%81%E5%AE%A4%EF%BC%9A%E4%BA%91%E9%94%A6%E7%B1%BB1%EF%BC%9A540%E5%A5%97.pdf#page=5,南京历代云锦博物馆藏品室：云锦类1：540套,20世纪80年代银皮,YBBCA000000700,南京历代云锦博物馆藏品室：云锦类1：540套；PDF清册标题/页眉为“南京云锦 博物馆藏品清册（云锦类）”,南京历代云锦博物馆藏品室：云锦类1：540套；PDF清册标题/页眉为“南京云锦 博物馆藏品清册（云锦类）”；清册原始行：25 | YBBCA000000700 | 20世纪80年代银皮 | 20世纪80年代 | 1 | 自主研发 |  |  | ,2026-09-03,true,nanjing_yunjin,high,,,yunjin_YBBCA000000700.png,data/official/evidence/catalog_pages/yunjin_page_005.png,data/official/model_images_candidates/nanjing_yunjin/yunjin_YBBCA000000700.png,unknown,Copyright1990-2024 www.71nc.com 版权所有：南京云锦研究所有限公司 苏ICP备12069451号,206,238,true,false,low_for_extracted_thumbnail;manual_review_required,true,false,reference,d58d4a15db4caada2989ef095652cb36a93d9dcd0899c1f88ba840ec3af089f4,官网清册提供可靠类别证据；授权未确认，因此不进入训练集。
official_yunjin_YBBCA000000800,official_yunjin_YBBCA000000800,official_catalog_pdf,南京历代云锦博物馆藏品室：云锦类1：540套,http://www.yjmuseum.com/cpwx/%E5%8D%97%E4%BA%AC%E5%8E%86%E4%BB%A3%E4%BA%91%E9%94%A6%E5%8D%9A%E7%89%A9%E9%A6%86%E8%97%8F%E5%93%81%E5%AE%A4%EF%BC%9A%E4%BA%91%E9%94%A6%E7%B1%BB1%EF%BC%9A540%E5%A5%97.pdf,http://www.yjmuseum.com/cpwx/%E5%8D%97%E4%BA%AC%E5%8E%86%E4%BB%A3%E4%BA%91%E9%94%A6%E5%8D%9A%E7%89%A9%E9%A6%86%E8%97%8F%E5%93%81%E5%AE%A4%EF%BC%9A%E4%BA%91%E9%94%A6%E7%B1%BB1%EF%BC%9A540%E5%A5%97.pdf#page=5,南京历代云锦博物馆藏品室：云锦类1：540套,20世纪80年代菊花料,YBBCA000000800,南京历代云锦博物馆藏品室：云锦类1：540套；PDF清册标题/页眉为“南京云锦 博物馆藏品清册（云锦类）”,南京历代云锦博物馆藏品室：云锦类1：540套；PDF清册标题/页眉为“南京云锦 博物馆藏品清册（云锦类）”；清册原始行：26 | YBBCA000000800 | 20世纪80年代菊花料 | 20世纪80年代 | 1 | 自主研发 |  |  | ,2026-09-03,true,nanjing_yunjin,high,,,yunjin_YBBCA000000800.png,data/official/evidence/catalog_pages/yunjin_page_005.png,data/official/model_images_candidates/nanjing_yunjin/yunjin_YBBCA000000800.png,unknown,Copyright1990-2024 www.71nc.com 版权所有：南京云锦研究所有限公司 苏ICP备12069451号,141,172,true,false,low_for_extracted_thumbnail;manual_review_required,true,false,reference,457b17ad9c68f453bccef3e89ea16c2821f7828e6cc2a42f6811c616c81a7655,官网清册提供可靠类别证据；授权未确认，因此不进入训练集。
official_yunjin_YBBCA000000900,official_yunjin_YBBCA000000900,official_catalog_pdf,南京历代云锦博物馆藏品室：云锦类1：540套,http://www.yjmuseum.com/cpwx/%E5%8D%97%E4%BA%AC%E5%8E%86%E4%BB%A3%E4%BA%91%E9%94%A6%E5%8D%9A%E7%89%A9%E9%A6%86%E8%97%8F%E5%93%81%E5%AE%A4%EF%BC%9A%E4%BA%91%E9%94%A6%E7%B1%BB1%EF%BC%9A540%E5%A5%97.pdf,http://www.yjmuseum.com/cpwx/%E5%8D%97%E4%BA%AC%E5%8E%86%E4%BB%A3%E4%BA%91%E9%94%A6%E5%8D%9A%E7%89%A9%E9%A6%86%E8%97%8F%E5%93%81%E5%AE%A4%EF%BC%9A%E4%BA%91%E9%94%A6%E7%B1%BB1%EF%BC%9A540%E5%A5%97.pdf#page=5,南京历代云锦博物馆藏品室：云锦类1：540套,20世纪80年代金玉缎,YBBCA000000900,南京历代云锦博物馆藏品室：云锦类1：540套；PDF清册标题/页眉为“南京云锦 博物馆藏品清册（云锦类）”,南京历代云锦博物馆藏品室：云锦类1：540套；PDF清册标题/页眉为“南京云锦 博物馆藏品清册（云锦类）”；清册原始行：27 | YBBCA000000900 | 20世纪80年代金玉缎 | 20世纪80年代 | 1 | 自主研发 |  |  | ,2026-09-03,true,nanjing_yunjin,high,,,yunjin_YBBCA000000900.png,data/official/evidence/catalog_pages/yunjin_page_005.png,data/official/model_images_candidates/nanjing_yunjin/yunjin_YBBCA000000900.png,unknown,Copyright1990-2024 www.71nc.com 版权所有：南京云锦研究所有限公司 苏ICP备12069451号,251,172,true,false,low_for_extracted_thumbnail;manual_review_required,true,false,reference,ba5c4abc42d9ccff045a932f9b8e669330eed0a14065d928dfa23cde9c0227e0,官网清册提供可靠类别证据；授权未确认，因此不进入训练集。
official_yunjin_YBBCA000001100,official_yunjin_YBBCA000001100,official_catalog_pdf,南京历代云锦博物馆藏品室：云锦类1：540套,http://www.yjmuseum.com/cpwx/%E5%8D%97%E4%BA%AC%E5%8E%86%E4%BB%A3%E4%BA%91%E9%94%A6%E5%8D%9A%E7%89%A9%E9%A6%86%E8%97%8F%E5%93%81%E5%AE%A4%EF%BC%9A%E4%BA%91%E9%94%A6%E7%B1%BB1%EF%BC%9A540%E5%A5%97.pdf,http://www.yjmuseum.com/cpwx/%E5%8D%97%E4%BA%AC%E5%8E%86%E4%BB%A3%E4%BA%91%E9%94%A6%E5%8D%9A%E7%89%A9%E9%A6%86%E8%97%8F%E5%93%81%E5%AE%A4%EF%BC%9A%E4%BA%91%E9%94%A6%E7%B1%BB1%EF%BC%9A540%E5%A5%97.pdf#page=5,南京历代云锦博物馆藏品室：云锦类1：540套,20世纪80年代复制绒圈锦,YBBCA000001100,南京历代云锦博物馆藏品室：云锦类1：540套；PDF清册标题/页眉为“南京云锦 博物馆藏品清册（云锦类）”,南京历代云锦博物馆藏品室：云锦类1：540套；PDF清册标题/页眉为“南京云锦 博物馆藏品清册（云锦类）”；清册原始行：28 | YBBCA000001100 | 20世纪80年代复制绒圈锦 | 20世纪80年代 | 1 | 文物复制 |  |  | ,2026-09-03,true,nanjing_yunjin,high,,,yunjin_YBBCA000001100.png,data/official/evidence/catalog_pages/yunjin_page_005.png,data/official/model_images_candidates/nanjing_yunjin/yunjin_YBBCA000001100.png,unknown,Copyright1990-2024 www.71nc.com 版权所有：南京云锦研究所有限公司 苏ICP备12069451号,251,172,true,false,low_for_extracted_thumbnail;manual_review_required,true,false,reference,3572fdc2eb302c398fa8b8bdc4a0d22e3229b41b9f124be103a47eda141f6959,官网清册提供可靠类别证据；授权未确认，因此不进入训练集。
official_yunjin_YBBCA000001300,official_yunjin_YBBCA000001300,official_catalog_pdf,南京历代云锦博物馆藏品室：云锦类1：540套,http://www.yjmuseum.com/cpwx/%E5%8D%97%E4%BA%AC%E5%8E%86%E4%BB%A3%E4%BA%91%E9%94%A6%E5%8D%9A%E7%89%A9%E9%A6%86%E8%97%8F%E5%93%81%E5%AE%A4%EF%BC%9A%E4%BA%91%E9%94%A6%E7%B1%BB1%EF%BC%9A540%E5%A5%97.pdf,http://www.yjmuseum.com/cpwx/%E5%8D%97%E4%BA%AC%E5%8E%86%E4%BB%A3%E4%BA%91%E9%94%A6%E5%8D%9A%E7%89%A9%E9%A6%86%E8%97%8F%E5%93%81%E5%AE%A4%EF%BC%9A%E4%BA%91%E9%94%A6%E7%B1%BB1%EF%BC%9A540%E5%A5%97.pdf#page=5,南京历代云锦博物馆藏品室：云锦类1：540套,2007年云锦织品《龙凤呈祥迎奥运》,YBBCA000001300,南京历代云锦博物馆藏品室：云锦类1：540套；PDF清册标题/页眉为“南京云锦 博物馆藏品清册（云锦类）”,南京历代云锦博物馆藏品室：云锦类1：540套；PDF清册标题/页眉为“南京云锦 博物馆藏品清册（云锦类）”；清册原始行：29 | YBBCA000001300 | 2007年云锦织品《龙凤呈祥迎奥运》 | 2007 | 1 | 自主研发 |  |  | ,2026-09-03,true,nanjing_yunjin,high,,龙;凤,yunjin_YBBCA000001300.png,data/official/evidence/catalog_pages/yunjin_page_005.png,data/official/model_images_candidates/nanjing_yunjin/yunjin_YBBCA000001300.png,unknown,Copyright1990-2024 www.71nc.com 版权所有：南京云锦研究所有限公司 苏ICP备12069451号,97,70,true,false,low_for_extracted_thumbnail;manual_review_required,true,false,reference,dc19746a7a1a17642236b745fb4b2a342a1c76871cd04b79c8240fdfac617a34,官网清册提供可靠类别证据；授权未确认，因此不进入训练集。
official_yunjin_YBBCA000001400,official_yunjin_YBBCA000001400,official_catalog_pdf,南京历代云锦博物馆藏品室：云锦类1：540套,http://www.yjmuseum.com/cpwx/%E5%8D%97%E4%BA%AC%E5%8E%86%E4%BB%A3%E4%BA%91%E9%94%A6%E5%8D%9A%E7%89%A9%E9%A6%86%E8%97%8F%E5%93%81%E5%AE%A4%EF%BC%9A%E4%BA%91%E9%94%A6%E7%B1%BB1%EF%BC%9A540%E5%A5%97.pdf,http://www.yjmuseum.com/cpwx/%E5%8D%97%E4%BA%AC%E5%8E%86%E4%BB%A3%E4%BA%91%E9%94%A6%E5%8D%9A%E7%89%A9%E9%A6%86%E8%97%8F%E5%93%81%E5%AE%A4%EF%BC%9A%E4%BA%91%E9%94%A6%E7%B1%BB1%EF%BC%9A540%E5%A5%97.pdf#page=6,南京历代云锦博物馆藏品室：云锦类1：540套,2011年云锦织品《清一品文官补仙鹤》,YBBCA000001400,南京历代云锦博物馆藏品室：云锦类1：540套；PDF清册标题/页眉为“南京云锦 博物馆藏品清册（云锦类）”,南京历代云锦博物馆藏品室：云锦类1：540套；PDF清册标题/页眉为“南京云锦 博物馆藏品清册（云锦类）”；清册原始行：30 | YBBCA000001400 | 2011年云锦织品《清一品文官补仙鹤》 | 2011 | 1 | 自主研发 |  |  | ,2026-09-03,true,nanjing_yunjin,high,,鹤,yunjin_YBBCA000001400.png,data/official/evidence/catalog_pages/yunjin_page_006.png,data/official/model_images_candidates/nanjing_yunjin/yunjin_YBBCA000001400.png,unknown,Copyright1990-2024 www.71nc.com 版权所有：南京云锦研究所有限公司 苏ICP备12069451号,274,187,true,false,low_for_extracted_thumbnail;manual_review_required,true,false,reference,fafcc03af296fedccd07eeb13a45ee14390904d5e5f18fa31be2272945da8377,官网清册提供可靠类别证据；授权未确认，因此不进入训练集。
official_yunjin_YBBCA000001500,official_yunjin_YBBCA000001500,official_catalog_pdf,南京历代云锦博物馆藏品室：云锦类1：540套,http://www.yjmuseum.com/cpwx/%E5%8D%97%E4%BA%AC%E5%8E%86%E4%BB%A3%E4%BA%91%E9%94%A6%E5%8D%9A%E7%89%A9%E9%A6%86%E8%97%8F%E5%93%81%E5%AE%A4%EF%BC%9A%E4%BA%91%E9%94%A6%E7%B1%BB1%EF%BC%9A540%E5%A5%97.pdf,http://www.yjmuseum.com/cpwx/%E5%8D%97%E4%BA%AC%E5%8E%86%E4%BB%A3%E4%BA%91%E9%94%A6%E5%8D%9A%E7%89%A9%E9%A6%86%E8%97%8F%E5%93%81%E5%AE%A4%EF%BC%9A%E4%BA%91%E9%94%A6%E7%B1%BB1%EF%BC%9A540%E5%A5%97.pdf#page=6,南京历代云锦博物馆藏品室：云锦类1：540套,2011年云锦织品《清二品文官补锦鸡》,YBBCA000001500,南京历代云锦博物馆藏品室：云锦类1：540套；PDF清册标题/页眉为“南京云锦 博物馆藏品清册（云锦类）”,南京历代云锦博物馆藏品室：云锦类1：540套；PDF清册标题/页眉为“南京云锦 博物馆藏品清册（云锦类）”；清册原始行：31 | YBBCA000001500 | 2011年云锦织品《清二品文官补锦鸡》 | 2011 | 1 | 自主研发 |  |  | ,2026-09-03,true,nanjing_yunjin,high,,,yunjin_YBBCA000001500.png,data/official/evidence/catalog_pages/yunjin_page_006.png,data/official/model_images_candidates/nanjing_yunjin/yunjin_YBBCA000001500.png,unknown,Copyright1990-2024 www.71nc.com 版权所有：南京云锦研究所有限公司 苏ICP备12069451号,251,172,true,false,low_for_extracted_thumbnail;manual_review_required,true,false,reference,d6e81bdc47973ef5822071a14549f4a4b21d3c708313fbe192a106304be294eb,官网清册提供可靠类别证据；授权未确认，因此不进入训练集。
official_yunjin_YBBCA000001600,official_yunjin_YBBCA000001600,official_catalog_pdf,南京历代云锦博物馆藏品室：云锦类1：540套,http://www.yjmuseum.com/cpwx/%E5%8D%97%E4%BA%AC%E5%8E%86%E4%BB%A3%E4%BA%91%E9%94%A6%E5%8D%9A%E7%89%A9%E9%A6%86%E8%97%8F%E5%93%81%E5%AE%A4%EF%BC%9A%E4%BA%91%E9%94%A6%E7%B1%BB1%EF%BC%9A540%E5%A5%97.pdf,http://www.yjmuseum.com/cpwx/%E5%8D%97%E4%BA%AC%E5%8E%86%E4%BB%A3%E4%BA%91%E9%94%A6%E5%8D%9A%E7%89%A9%E9%A6%86%E8%97%8F%E5%93%81%E5%AE%A4%EF%BC%9A%E4%BA%91%E9%94%A6%E7%B1%BB1%EF%BC%9A540%E5%A5%97.pdf#page=6,南京历代云锦博物馆藏品室：云锦类1：540套,2011年云锦织品《清文官补孔雀》,YBBCA000001600,南京历代云锦博物馆藏品室：云锦类1：540套；PDF清册标题/页眉为“南京云锦 博物馆藏品清册（云锦类）”,南京历代云锦博物馆藏品室：云锦类1：540套；PDF清册标题/页眉为“南京云锦 博物馆藏品清册（云锦类）”；清册原始行：32 | YBBCA000001600 | 2011年云锦织品《清文官补孔雀》 | 2011 | 1 | 自主研发 |  |  | ,2026-09-03,true,nanjing_yunjin,high,,,yunjin_YBBCA000001600.png,data/official/evidence/catalog_pages/yunjin_page_006.png,data/official/model_images_candidates/nanjing_yunjin/yunjin_YBBCA000001600.png,unknown,Copyright1990-2024 www.71nc.com 版权所有：南京云锦研究所有限公司 苏ICP备12069451号,251,172,true,false,low_for_extracted_thumbnail;manual_review_required,true,false,reference,73fedd87aad99c534650ae666f80c673ce1b47029feb7ff3b2a5de5aac6ed9be,官网清册提供可靠类别证据；授权未确认，因此不进入训练集。
official_yunjin_YBBCA000001700,official_yunjin_YBBCA000001700,official_catalog_pdf,南京历代云锦博物馆藏品室：云锦类1：540套,http://www.yjmuseum.com/cpwx/%E5%8D%97%E4%BA%AC%E5%8E%86%E4%BB%A3%E4%BA%91%E9%94%A6%E5%8D%9A%E7%89%A9%E9%A6%86%E8%97%8F%E5%93%81%E5%AE%A4%EF%BC%9A%E4%BA%91%E9%94%A6%E7%B1%BB1%EF%BC%9A540%E5%A5%97.pdf,http://www.yjmuseum.com/cpwx/%E5%8D%97%E4%BA%AC%E5%8E%86%E4%BB%A3%E4%BA%91%E9%94%A6%E5%8D%9A%E7%89%A9%E9%A6%86%E8%97%8F%E5%93%81%E5%AE%A4%EF%BC%9A%E4%BA%91%E9%94%A6%E7%B1%BB1%EF%BC%9A540%E5%A5%97.pdf#page=6,南京历代云锦博物馆藏品室：云锦类1：540套,2011年云锦织品《清四品文官补》,YBBCA000001700,南京历代云锦博物馆藏品室：云锦类1：540套；PDF清册标题/页眉为“南京云锦 博物馆藏品清册（云锦类）”,南京历代云锦博物馆藏品室：云锦类1：540套；PDF清册标题/页眉为“南京云锦 博物馆藏品清册（云锦类）”；清册原始行：33 | YBBCA000001700 | 2011年云锦织品《清四品文官补》 | 2011 | 1 | 自主研发 |  |  | ,2026-09-03,true,nanjing_yunjin,high,,,yunjin_YBBCA000001700.png,data/official/evidence/catalog_pages/yunjin_page_006.png,data/official/model_images_candidates/nanjing_yunjin/yunjin_YBBCA000001700.png,unknown,Copyright1990-2024 www.71nc.com 版权所有：南京云锦研究所有限公司 苏ICP备12069451号,93,96,true,false,low_for_extracted_thumbnail;manual_review_required,true,false,reference,3fea3feef567694f605095d38bd7a0a8c7226aa951c40a2eaff0f9729b3fc300,官网清册提供可靠类别证据；授权未确认，因此不进入训练集。
official_yunjin_YBBCA000001800,official_yunjin_YBBCA000001800,official_catalog_pdf,南京历代云锦博物馆藏品室：云锦类1：540套,http://www.yjmuseum.com/cpwx/%E5%8D%97%E4%BA%AC%E5%8E%86%E4%BB%A3%E4%BA%91%E9%94%A6%E5%8D%9A%E7%89%A9%E9%A6%86%E8%97%8F%E5%93%81%E5%AE%A4%EF%BC%9A%E4%BA%91%E9%94%A6%E7%B1%BB1%EF%BC%9A540%E5%A5%97.pdf,http://www.yjmuseum.com/cpwx/%E5%8D%97%E4%BA%AC%E5%8E%86%E4%BB%A3%E4%BA%91%E9%94%A6%E5%8D%9A%E7%89%A9%E9%A6%86%E8%97%8F%E5%93%81%E5%AE%A4%EF%BC%9A%E4%BA%91%E9%94%A6%E7%B1%BB1%EF%BC%9A540%E5%A5%97.pdf#page=6,南京历代云锦博物馆藏品室：云锦类1：540套,2011年云锦织品《清五品文官补白鹇》,YBBCA000001800,南京历代云锦博物馆藏品室：云锦类1：540套；PDF清册标题/页眉为“南京云锦 博物馆藏品清册（云锦类）”,南京历代云锦博物馆藏品室：云锦类1：540套；PDF清册标题/页眉为“南京云锦 博物馆藏品清册（云锦类）”；清册原始行：34 | YBBCA000001800 | 2011年云锦织品《清五品文官补白鹇》 | 2011 | 1 | 自主研发 |  |  | ,2026-09-03,true,nanjing_yunjin,high,,,yunjin_YBBCA000001800.png,data/official/evidence/catalog_pages/yunjin_page_006.png,data/official/model_images_candidates/nanjing_yunjin/yunjin_YBBCA000001800.png,unknown,Copyright1990-2024 www.71nc.com 版权所有：南京云锦研究所有限公司 苏ICP备12069451号,107,97,true,false,low_for_extracted_thumbnail;manual_review_required,true,false,reference,bca85129a0fcb33229abbdfe3c0477f52fb6ced4a2faaa19b6d3463b1c8eadce,官网清册提供可靠类别证据；授权未确认，因此不进入训练集。
official_yunjin_YBBCA000001900,official_yunjin_YBBCA000001900,official_catalog_pdf,南京历代云锦博物馆藏品室：云锦类1：540套,http://www.yjmuseum.com/cpwx/%E5%8D%97%E4%BA%AC%E5%8E%86%E4%BB%A3%E4%BA%91%E9%94%A6%E5%8D%9A%E7%89%A9%E9%A6%86%E8%97%8F%E5%93%81%E5%AE%A4%EF%BC%9A%E4%BA%91%E9%94%A6%E7%B1%BB1%EF%BC%9A540%E5%A5%97.pdf,http://www.yjmuseum.com/cpwx/%E5%8D%97%E4%BA%AC%E5%8E%86%E4%BB%A3%E4%BA%91%E9%94%A6%E5%8D%9A%E7%89%A9%E9%A6%86%E8%97%8F%E5%93%81%E5%AE%A4%EF%BC%9A%E4%BA%91%E9%94%A6%E7%B1%BB1%EF%BC%9A540%E5%A5%97.pdf#page=6,南京历代云锦博物馆藏品室：云锦类1：540套,2011年云锦织品《清六品文官补鹭鸶》,YBBCA000001900,南京历代云锦博物馆藏品室：云锦类1：540套；PDF清册标题/页眉为“南京云锦 博物馆藏品清册（云锦类）”,南京历代云锦博物馆藏品室：云锦类1：540套；PDF清册标题/页眉为“南京云锦 博物馆藏品清册（云锦类）”；清册原始行：35 | YBBCA000001900 | 2011年云锦织品《清六品文官补鹭鸶》 | 2011 | 1 | 自主研发 |  |  | ,2026-09-03,true,nanjing_yunjin,high,,,yunjin_YBBCA000001900.png,data/official/evidence/catalog_pages/yunjin_page_006.png,data/official/model_images_candidates/nanjing_yunjin/yunjin_YBBCA000001900.png,unknown,Copyright1990-2024 www.71nc.com 版权所有：南京云锦研究所有限公司 苏ICP备12069451号,98,97,true,false,low_for_extracted_thumbnail;manual_review_required,true,false,reference,65faf08eaf69865a7bdedf3a63d8b71e5eee722413cc1eccce201491b8c9612b,官网清册提供可靠类别证据；授权未确认，因此不进入训练集。
official_yunjin_YBBCA000002000,official_yunjin_YBBCA000002000,official_catalog_pdf,南京历代云锦博物馆藏品室：云锦类1：540套,http://www.yjmuseum.com/cpwx/%E5%8D%97%E4%BA%AC%E5%8E%86%E4%BB%A3%E4%BA%91%E9%94%A6%E5%8D%9A%E7%89%A9%E9%A6%86%E8%97%8F%E5%93%81%E5%AE%A4%EF%BC%9A%E4%BA%91%E9%94%A6%E7%B1%BB1%EF%BC%9A540%E5%A5%97.pdf,http://www.yjmuseum.com/cpwx/%E5%8D%97%E4%BA%AC%E5%8E%86%E4%BB%A3%E4%BA%91%E9%94%A6%E5%8D%9A%E7%89%A9%E9%A6%86%E8%97%8F%E5%93%81%E5%AE%A4%EF%BC%9A%E4%BA%91%E9%94%A6%E7%B1%BB1%EF%BC%9A540%E5%A5%97.pdf#page=7,南京历代云锦博物馆藏品室：云锦类1：540套,2011年云锦织品《清七品文官补鸂鵣》,YBBCA000002000,南京历代云锦博物馆藏品室：云锦类1：540套；PDF清册标题/页眉为“南京云锦 博物馆藏品清册（云锦类）”,南京历代云锦博物馆藏品室：云锦类1：540套；PDF清册标题/页眉为“南京云锦 博物馆藏品清册（云锦类）”；清册原始行：36 | YBBCA000002000 | 2011年云锦织品《清七品文官补鸂鵣》 | 2011 | 1 | 自主研发 |  |  | ,2026-09-03,true,nanjing_yunjin,high,,,yunjin_YBBCA000002000.png,data/official/evidence/catalog_pages/yunjin_page_007.png,data/official/model_images_candidates/nanjing_yunjin/yunjin_YBBCA000002000.png,unknown,Copyright1990-2024 www.71nc.com 版权所有：南京云锦研究所有限公司 苏ICP备12069451号,251,172,true,false,low_for_extracted_thumbnail;manual_review_required,true,false,reference,9f38d6312dce6820dcc734caefbc16b0de0c91103ec3dc401cc855a3cf11d81c,官网清册提供可靠类别证据；授权未确认，因此不进入训练集。
official_yunjin_YBBCA000002100,official_yunjin_YBBCA000002100,official_catalog_pdf,南京历代云锦博物馆藏品室：云锦类1：540套,http://www.yjmuseum.com/cpwx/%E5%8D%97%E4%BA%AC%E5%8E%86%E4%BB%A3%E4%BA%91%E9%94%A6%E5%8D%9A%E7%89%A9%E9%A6%86%E8%97%8F%E5%93%81%E5%AE%A4%EF%BC%9A%E4%BA%91%E9%94%A6%E7%B1%BB1%EF%BC%9A540%E5%A5%97.pdf,http://www.yjmuseum.com/cpwx/%E5%8D%97%E4%BA%AC%E5%8E%86%E4%BB%A3%E4%BA%91%E9%94%A6%E5%8D%9A%E7%89%A9%E9%A6%86%E8%97%8F%E5%93%81%E5%AE%A4%EF%BC%9A%E4%BA%91%E9%94%A6%E7%B1%BB1%EF%BC%9A540%E5%A5%97.pdf#page=7,南京历代云锦博物馆藏品室：云锦类1：540套,2011年云锦织品《清八品文官补鹌鹑》,YBBCA000002100,南京历代云锦博物馆藏品室：云锦类1：540套；PDF清册标题/页眉为“南京云锦 博物馆藏品清册（云锦类）”,南京历代云锦博物馆藏品室：云锦类1：540套；PDF清册标题/页眉为“南京云锦 博物馆藏品清册（云锦类）”；清册原始行：37 | YBBCA000002100 | 2011年云锦织品《清八品文官补鹌鹑》 | 2011 | 1 | 自主研发 |  |  | ,2026-09-03,true,nanjing_yunjin,high,,,yunjin_YBBCA000002100.png,data/official/evidence/catalog_pages/yunjin_page_007.png,data/official/model_images_candidates/nanjing_yunjin/yunjin_YBBCA000002100.png,unknown,Copyright1990-2024 www.71nc.com 版权所有：南京云锦研究所有限公司 苏ICP备12069451号,174,144,true,false,low_for_extracted_thumbnail;manual_review_required,true,false,reference,8805f31eb39d0cce9a8a5276f56e771b3c2085c45b4c314a8db9d828477e602f,官网清册提供可靠类别证据；授权未确认，因此不进入训练集。
official_yunjin_YBBCA000002200,official_yunjin_YBBCA000002200,official_catalog_pdf,南京历代云锦博物馆藏品室：云锦类1：540套,http://www.yjmuseum.com/cpwx/%E5%8D%97%E4%BA%AC%E5%8E%86%E4%BB%A3%E4%BA%91%E9%94%A6%E5%8D%9A%E7%89%A9%E9%A6%86%E8%97%8F%E5%93%81%E5%AE%A4%EF%BC%9A%E4%BA%91%E9%94%A6%E7%B1%BB1%EF%BC%9A540%E5%A5%97.pdf,http://www.yjmuseum.com/cpwx/%E5%8D%97%E4%BA%AC%E5%8E%86%E4%BB%A3%E4%BA%91%E9%94%A6%E5%8D%9A%E7%89%A9%E9%A6%86%E8%97%8F%E5%93%81%E5%AE%A4%EF%BC%9A%E4%BA%91%E9%94%A6%E7%B1%BB1%EF%BC%9A540%E5%A5%97.pdf#page=7,南京历代云锦博物馆藏品室：云锦类1：540套,2011年云锦织品《清九品文官补练鹊》,YBBCA000002200,南京历代云锦博物馆藏品室：云锦类1：540套；PDF清册标题/页眉为“南京云锦 博物馆藏品清册（云锦类）”,南京历代云锦博物馆藏品室：云锦类1：540套；PDF清册标题/页眉为“南京云锦 博物馆藏品清册（云锦类）”；清册原始行：38 | YBBCA000002200 | 2011年云锦织品《清九品文官补练鹊》 | 2011 | 2 | 自主研发 |  |  | ,2026-09-03,true,nanjing_yunjin,high,,,yunjin_YBBCA000002200.png,data/official/evidence/catalog_pages/yunjin_page_007.png,data/official/model_images_candidates/nanjing_yunjin/yunjin_YBBCA000002200.png,unknown,Copyright1990-2024 www.71nc.com 版权所有：南京云锦研究所有限公司 苏ICP备12069451号,251,172,true,false,low_for_extracted_thumbnail;manual_review_required,true,false,reference,7ea1053f5d0a84b1e6cc915f1c35de4fdfea0da7f007594f715a1eb1ee43efa2,官网清册提供可靠类别证据；授权未确认，因此不进入训练集。
official_yunjin_YBBCA000002300,official_yunjin_YBBCA000002300,official_catalog_pdf,南京历代云锦博物馆藏品室：云锦类1：540套,http://www.yjmuseum.com/cpwx/%E5%8D%97%E4%BA%AC%E5%8E%86%E4%BB%A3%E4%BA%91%E9%94%A6%E5%8D%9A%E7%89%A9%E9%A6%86%E8%97%8F%E5%93%81%E5%AE%A4%EF%BC%9A%E4%BA%91%E9%94%A6%E7%B1%BB1%EF%BC%9A540%E5%A5%97.pdf,http://www.yjmuseum.com/cpwx/%E5%8D%97%E4%BA%AC%E5%8E%86%E4%BB%A3%E4%BA%91%E9%94%A6%E5%8D%9A%E7%89%A9%E9%A6%86%E8%97%8F%E5%93%81%E5%AE%A4%EF%BC%9A%E4%BA%91%E9%94%A6%E7%B1%BB1%EF%BC%9A540%E5%A5%97.pdf#page=7,南京历代云锦博物馆藏品室：云锦类1：540套,2011年云锦织品《清武二品官补狮》,YBBCA000002300,南京历代云锦博物馆藏品室：云锦类1：540套；PDF清册标题/页眉为“南京云锦 博物馆藏品清册（云锦类）”,南京历代云锦博物馆藏品室：云锦类1：540套；PDF清册标题/页眉为“南京云锦 博物馆藏品清册（云锦类）”；清册原始行：39 | YBBCA000002300 | 2011年云锦织品《清武二品官补狮》 | 2011 | 2 | 自主研发 |  |  | ,2026-09-03,true,nanjing_yunjin,high,,,yunjin_YBBCA000002300.png,data/official/evidence/catalog_pages/yunjin_page_007.png,data/official/model_images_candidates/nanjing_yunjin/yunjin_YBBCA000002300.png,unknown,Copyright1990-2024 www.71nc.com 版权所有：南京云锦研究所有限公司 苏ICP备12069451号,107,97,true,false,low_for_extracted_thumbnail;manual_review_required,true,false,reference,589fca1e30908bee20482280f384d1bdc02f227003b3cbdcae656548836f98ae,官网清册提供可靠类别证据；授权未确认，因此不进入训练集。
official_yunjin_YBBCA000002400,official_yunjin_YBBCA000002400,official_catalog_pdf,南京历代云锦博物馆藏品室：云锦类1：540套,http://www.yjmuseum.com/cpwx/%E5%8D%97%E4%BA%AC%E5%8E%86%E4%BB%A3%E4%BA%91%E9%94%A6%E5%8D%9A%E7%89%A9%E9%A6%86%E8%97%8F%E5%93%81%E5%AE%A4%EF%BC%9A%E4%BA%91%E9%94%A6%E7%B1%BB1%EF%BC%9A540%E5%A5%97.pdf,http://www.yjmuseum.com/cpwx/%E5%8D%97%E4%BA%AC%E5%8E%86%E4%BB%A3%E4%BA%91%E9%94%A6%E5%8D%9A%E7%89%A9%E9%A6%86%E8%97%8F%E5%93%81%E5%AE%A4%EF%BC%9A%E4%BA%91%E9%94%A6%E7%B1%BB1%EF%BC%9A540%E5%A5%97.pdf#page=7,南京历代云锦博物馆藏品室：云锦类1：540套,2011年云锦织品《清武三品官补豹》,YBBCA000002400,南京历代云锦博物馆藏品室：云锦类1：540套；PDF清册标题/页眉为“南京云锦 博物馆藏品清册（云锦类）”,南京历代云锦博物馆藏品室：云锦类1：540套；PDF清册标题/页眉为“南京云锦 博物馆藏品清册（云锦类）”；清册原始行：40 | YBBCA000002400 | 2011年云锦织品《清武三品官补豹》 | 2011 | 2 | 自主研发 |  |  | ,2026-09-03,true,nanjing_yunjin,high,,,yunjin_YBBCA000002400.png,data/official/evidence/catalog_pages/yunjin_page_007.png,data/official/model_images_candidates/nanjing_yunjin/yunjin_YBBCA000002400.png,unknown,Copyright1990-2024 www.71nc.com 版权所有：南京云锦研究所有限公司 苏ICP备12069451号,96,99,true,false,low_for_extracted_thumbnail;manual_review_required,true,false,reference,a28b6275d1dde895829da05ef92f18fe3ae17e8f0c9f368940855f8f7c716e91,官网清册提供可靠类别证据；授权未确认，因此不进入训练集。
official_non_yunjin_YBCKA000001300,official_non_yunjin_YBCKA000001300,official_catalog_pdf,南京历代云锦博物馆藏品室：非云锦类1：1028套,http://www.yjmuseum.com/cpwx/%E5%8D%97%E4%BA%AC%E5%8E%86%E4%BB%A3%E4%BA%91%E9%94%A6%E5%8D%9A%E7%89%A9%E9%A6%86%E8%97%8F%E5%93%81%E5%AE%A4%EF%BC%9A%E9%9D%9E%E4%BA%91%E9%94%A6%E7%B1%BB1%EF%BC%9A1028%E5%A5%97.pdf,http://www.yjmuseum.com/cpwx/%E5%8D%97%E4%BA%AC%E5%8E%86%E4%BB%A3%E4%BA%91%E9%94%A6%E5%8D%9A%E7%89%A9%E9%A6%86%E8%97%8F%E5%93%81%E5%AE%A4%EF%BC%9A%E9%9D%9E%E4%BA%91%E9%94%A6%E7%B1%BB1%EF%BC%9A1028%E5%A5%97.pdf#page=3,南京历代云锦博物馆藏品室：非云锦类1：1028套,20世纪70年代土家族椅子花锦,YBCKA000001300,南京历代云锦博物馆藏品室：非云锦类1：1028套；本对象官网原始名称明确含“锦”,南京历代云锦博物馆藏品室：非云锦类1：1028套；本对象官网原始名称明确含“锦”；清册原始行：13 | YBCKA000001300 | 20世纪70年代土家族椅子花锦 | 20世纪70年代 | 织绣 | 征集购买 | 1 |  | ,2026-09-03,false,other_brocade,high,,,other_brocade_YBCKA000001300.png,data/official/evidence/catalog_pages/non_yunjin_page_003.png,data/official/model_images_candidates/other_brocade/other_brocade_YBCKA000001300.png,unknown,Copyright1990-2024 www.71nc.com 版权所有：南京云锦研究所有限公司 苏ICP备12069451号,60,80,true,false,low_for_extracted_thumbnail;manual_review_required,true,false,reference,0f7ca839eef60cfe08a482728bb1646f4827b878cf65f47b4b6b49d8028e90f6,官网清册提供可靠类别证据；授权未确认，因此不进入训练集。
official_non_yunjin_YBCKA000001700,official_non_yunjin_YBCKA000001700,official_catalog_pdf,南京历代云锦博物馆藏品室：非云锦类1：1028套,http://www.yjmuseum.com/cpwx/%E5%8D%97%E4%BA%AC%E5%8E%86%E4%BB%A3%E4%BA%91%E9%94%A6%E5%8D%9A%E7%89%A9%E9%A6%86%E8%97%8F%E5%93%81%E5%AE%A4%EF%BC%9A%E9%9D%9E%E4%BA%91%E9%94%A6%E7%B1%BB1%EF%BC%9A1028%E5%A5%97.pdf,http://www.yjmuseum.com/cpwx/%E5%8D%97%E4%BA%AC%E5%8E%86%E4%BB%A3%E4%BA%91%E9%94%A6%E5%8D%9A%E7%89%A9%E9%A6%86%E8%97%8F%E5%93%81%E5%AE%A4%EF%BC%9A%E9%9D%9E%E4%BA%91%E9%94%A6%E7%B1%BB1%EF%BC%9A1028%E5%A5%97.pdf#page=3,南京历代云锦博物馆藏品室：非云锦类1：1028套,20世纪70年代土家族蝴蝶花锦,YBCKA000001700,南京历代云锦博物馆藏品室：非云锦类1：1028套；本对象官网原始名称明确含“锦”,南京历代云锦博物馆藏品室：非云锦类1：1028套；本对象官网原始名称明确含“锦”；清册原始行：17 | YBCKA000001700 | 20世纪70年代土家族蝴蝶花锦 | 20世纪70年代 | 织绣 | 征集购买 | 1 |  | ,2026-09-03,false,other_brocade,high,,,other_brocade_YBCKA000001700.png,data/official/evidence/catalog_pages/non_yunjin_page_003.png,data/official/model_images_candidates/other_brocade/other_brocade_YBCKA000001700.png,unknown,Copyright1990-2024 www.71nc.com 版权所有：南京云锦研究所有限公司 苏ICP备12069451号,200,150,true,false,low_for_extracted_thumbnail;manual_review_required,true,false,reference,cc10a80dca5e26b18adc0caade8aaee3cee12c7c72580376a0670791d437dc13,官网清册提供可靠类别证据；授权未确认，因此不进入训练集。
official_non_yunjin_YBCKA000002400,official_non_yunjin_YBCKA000002400,official_catalog_pdf,南京历代云锦博物馆藏品室：非云锦类1：1028套,http://www.yjmuseum.com/cpwx/%E5%8D%97%E4%BA%AC%E5%8E%86%E4%BB%A3%E4%BA%91%E9%94%A6%E5%8D%9A%E7%89%A9%E9%A6%86%E8%97%8F%E5%93%81%E5%AE%A4%EF%BC%9A%E9%9D%9E%E4%BA%91%E9%94%A6%E7%B1%BB1%EF%BC%9A1028%E5%A5%97.pdf,http://www.yjmuseum.com/cpwx/%E5%8D%97%E4%BA%AC%E5%8E%86%E4%BB%A3%E4%BA%91%E9%94%A6%E5%8D%9A%E7%89%A9%E9%A6%86%E8%97%8F%E5%93%81%E5%AE%A4%EF%BC%9A%E9%9D%9E%E4%BA%91%E9%94%A6%E7%B1%BB1%EF%BC%9A1028%E5%A5%97.pdf#page=5,南京历代云锦博物馆藏品室：非云锦类1：1028套,20世纪70年代土家族田字花锦,YBCKA000002400,南京历代云锦博物馆藏品室：非云锦类1：1028套；本对象官网原始名称明确含“锦”,南京历代云锦博物馆藏品室：非云锦类1：1028套；本对象官网原始名称明确含“锦”；清册原始行：24 | YBCKA000002400 | 20世纪70年代土家族田字花锦 | 20世纪70年代 | 织绣 | 征集购买 | 1 |  | ,2026-09-03,false,other_brocade,high,,,other_brocade_YBCKA000002400.png,data/official/evidence/catalog_pages/non_yunjin_page_005.png,data/official/model_images_candidates/other_brocade/other_brocade_YBCKA000002400.png,unknown,Copyright1990-2024 www.71nc.com 版权所有：南京云锦研究所有限公司 苏ICP备12069451号,107,80,true,false,low_for_extracted_thumbnail;manual_review_required,true,false,reference,8a0349f6b3b8fe6d6fbc43dffd0d46aa4907c39e2aa8d93ab74500dcac8cd6d1,官网清册提供可靠类别证据；授权未确认，因此不进入训练集。
official_non_yunjin_YBCKA000002700,official_non_yunjin_YBCKA000002700,official_catalog_pdf,南京历代云锦博物馆藏品室：非云锦类1：1028套,http://www.yjmuseum.com/cpwx/%E5%8D%97%E4%BA%AC%E5%8E%86%E4%BB%A3%E4%BA%91%E9%94%A6%E5%8D%9A%E7%89%A9%E9%A6%86%E8%97%8F%E5%93%81%E5%AE%A4%EF%BC%9A%E9%9D%9E%E4%BA%91%E9%94%A6%E7%B1%BB1%EF%BC%9A1028%E5%A5%97.pdf,http://www.yjmuseum.com/cpwx/%E5%8D%97%E4%BA%AC%E5%8E%86%E4%BB%A3%E4%BA%91%E9%94%A6%E5%8D%9A%E7%89%A9%E9%A6%86%E8%97%8F%E5%93%81%E5%AE%A4%EF%BC%9A%E9%9D%9E%E4%BA%91%E9%94%A6%E7%B1%BB1%EF%BC%9A1028%E5%A5%97.pdf#page=5,南京历代云锦博物馆藏品室：非云锦类1：1028套,20世纪70年代土家族阳雀花锦,YBCKA000002700,南京历代云锦博物馆藏品室：非云锦类1：1028套；本对象官网原始名称明确含“锦”,南京历代云锦博物馆藏品室：非云锦类1：1028套；本对象官网原始名称明确含“锦”；清册原始行：27 | YBCKA000002700 | 20世纪70年代土家族阳雀花锦 | 20世纪70年代 | 织绣 | 征集购买 | 1 |  | ,2026-09-03,false,other_brocade,high,,,other_brocade_YBCKA000002700.png,data/official/evidence/catalog_pages/non_yunjin_page_005.png,data/official/model_images_candidates/other_brocade/other_brocade_YBCKA000002700.png,unknown,Copyright1990-2024 www.71nc.com 版权所有：南京云锦研究所有限公司 苏ICP备12069451号,107,80,true,false,low_for_extracted_thumbnail;manual_review_required,true,false,reference,d34fe016445b96369f85bfa179a1874380aba370b438fbe42bf96fb483a496a8,官网清册提供可靠类别证据；授权未确认，因此不进入训练集。
official_non_yunjin_YBCKA000002800,official_non_yunjin_YBCKA000002800,official_catalog_pdf,南京历代云锦博物馆藏品室：非云锦类1：1028套,http://www.yjmuseum.com/cpwx/%E5%8D%97%E4%BA%AC%E5%8E%86%E4%BB%A3%E4%BA%91%E9%94%A6%E5%8D%9A%E7%89%A9%E9%A6%86%E8%97%8F%E5%93%81%E5%AE%A4%EF%BC%9A%E9%9D%9E%E4%BA%91%E9%94%A6%E7%B1%BB1%EF%BC%9A1028%E5%A5%97.pdf,http://www.yjmuseum.com/cpwx/%E5%8D%97%E4%BA%AC%E5%8E%86%E4%BB%A3%E4%BA%91%E9%94%A6%E5%8D%9A%E7%89%A9%E9%A6%86%E8%97%8F%E5%93%81%E5%AE%A4%EF%BC%9A%E9%9D%9E%E4%BA%91%E9%94%A6%E7%B1%BB1%EF%BC%9A1028%E5%A5%97.pdf#page=5,南京历代云锦博物馆藏品室：非云锦类1：1028套,20世纪70年代土家族大莲蓬花锦,YBCKA000002800,南京历代云锦博物馆藏品室：非云锦类1：1028套；本对象官网原始名称明确含“锦”,南京历代云锦博物馆藏品室：非云锦类1：1028套；本对象官网原始名称明确含“锦”；清册原始行：28 | YBCKA000002800 | 20世纪70年代土家族大莲蓬花锦 | 20世纪70年代 | 织绣 | 征集购买 | 1 |  | ,2026-09-03,false,other_brocade,high,,莲,other_brocade_YBCKA000002800.png,data/official/evidence/catalog_pages/non_yunjin_page_005.png,data/official/model_images_candidates/other_brocade/other_brocade_YBCKA000002800.png,unknown,Copyright1990-2024 www.71nc.com 版权所有：南京云锦研究所有限公司 苏ICP备12069451号,135,80,true,false,low_for_extracted_thumbnail;manual_review_required,true,false,reference,9d880ea213b1a766f46cc08f8ddadf86f22af24d284d5493f97e1501615c49bf,官网清册提供可靠类别证据；授权未确认，因此不进入训练集。
official_non_yunjin_YBCKA000002900,official_non_yunjin_YBCKA000002900,official_catalog_pdf,南京历代云锦博物馆藏品室：非云锦类1：1028套,http://www.yjmuseum.com/cpwx/%E5%8D%97%E4%BA%AC%E5%8E%86%E4%BB%A3%E4%BA%91%E9%94%A6%E5%8D%9A%E7%89%A9%E9%A6%86%E8%97%8F%E5%93%81%E5%AE%A4%EF%BC%9A%E9%9D%9E%E4%BA%91%E9%94%A6%E7%B1%BB1%EF%BC%9A1028%E5%A5%97.pdf,http://www.yjmuseum.com/cpwx/%E5%8D%97%E4%BA%AC%E5%8E%86%E4%BB%A3%E4%BA%91%E9%94%A6%E5%8D%9A%E7%89%A9%E9%A6%86%E8%97%8F%E5%93%81%E5%AE%A4%EF%BC%9A%E9%9D%9E%E4%BA%91%E9%94%A6%E7%B1%BB1%EF%BC%9A1028%E5%A5%97.pdf#page=5,南京历代云锦博物馆藏品室：非云锦类1：1028套,20世纪60年代土家族万字花锦,YBCKA000002900,南京历代云锦博物馆藏品室：非云锦类1：1028套；本对象官网原始名称明确含“锦”,南京历代云锦博物馆藏品室：非云锦类1：1028套；本对象官网原始名称明确含“锦”；清册原始行：29 | YBCKA000002900 | 20世纪60年代土家族万字花锦 | 20世纪60年代 | 织绣 | 征集购买 | 1 |  | ,2026-09-03,false,other_brocade,high,,,other_brocade_YBCKA000002900.png,data/official/evidence/catalog_pages/non_yunjin_page_005.png,data/official/model_images_candidates/other_brocade/other_brocade_YBCKA000002900.png,unknown,Copyright1990-2024 www.71nc.com 版权所有：南京云锦研究所有限公司 苏ICP备12069451号,140,80,true,false,low_for_extracted_thumbnail;manual_review_required,true,false,reference,aa72075df10817f0c1923572a586a4f410f29d53b88144569f2a5cf19fac03f7,官网清册提供可靠类别证据；授权未确认，因此不进入训练集。
official_non_yunjin_YBCFA000000100,official_non_yunjin_YBCFA000000100,official_catalog_pdf,南京历代云锦博物馆藏品室：非云锦类1：1028套,http://www.yjmuseum.com/cpwx/%E5%8D%97%E4%BA%AC%E5%8E%86%E4%BB%A3%E4%BA%91%E9%94%A6%E5%8D%9A%E7%89%A9%E9%A6%86%E8%97%8F%E5%93%81%E5%AE%A4%EF%BC%9A%E9%9D%9E%E4%BA%91%E9%94%A6%E7%B1%BB1%EF%BC%9A1028%E5%A5%97.pdf,http://www.yjmuseum.com/cpwx/%E5%8D%97%E4%BA%AC%E5%8E%86%E4%BB%A3%E4%BA%91%E9%94%A6%E5%8D%9A%E7%89%A9%E9%A6%86%E8%97%8F%E5%93%81%E5%AE%A4%EF%BC%9A%E9%9D%9E%E4%BA%91%E9%94%A6%E7%B1%BB1%EF%BC%9A1028%E5%A5%97.pdf#page=6,南京历代云锦博物馆藏品室：非云锦类1：1028套,20世纪60年代贵州侗锦万字几何纹,YBCFA000000100,南京历代云锦博物馆藏品室：非云锦类1：1028套；本对象官网原始名称明确含“锦”,南京历代云锦博物馆藏品室：非云锦类1：1028套；本对象官网原始名称明确含“锦”；清册原始行：31 | YBCFA000000100 | 20世纪60年代贵州侗锦万字几何纹 | 20世纪60年代 | 织绣 | 征集购买 | 1 |  | ,2026-09-03,false,other_brocade,high,,,other_brocade_YBCFA000000100.png,data/official/evidence/catalog_pages/non_yunjin_page_006.png,data/official/model_images_candidates/other_brocade/other_brocade_YBCFA000000100.png,unknown,Copyright1990-2024 www.71nc.com 版权所有：南京云锦研究所有限公司 苏ICP备12069451号,107,80,true,false,low_for_extracted_thumbnail;manual_review_required,true,false,reference,a73ddd2c5a53d068bca082b9d85a4aaeaad89000724821c20f1eaa93d72bff15,官网清册提供可靠类别证据；授权未确认，因此不进入训练集。
official_non_yunjin_YBCCA000000100,official_non_yunjin_YBCCA000000100,official_catalog_pdf,南京历代云锦博物馆藏品室：非云锦类1：1028套,http://www.yjmuseum.com/cpwx/%E5%8D%97%E4%BA%AC%E5%8E%86%E4%BB%A3%E4%BA%91%E9%94%A6%E5%8D%9A%E7%89%A9%E9%A6%86%E8%97%8F%E5%93%81%E5%AE%A4%EF%BC%9A%E9%9D%9E%E4%BA%91%E9%94%A6%E7%B1%BB1%EF%BC%9A1028%E5%A5%97.pdf,http://www.yjmuseum.com/cpwx/%E5%8D%97%E4%BA%AC%E5%8E%86%E4%BB%A3%E4%BA%91%E9%94%A6%E5%8D%9A%E7%89%A9%E9%A6%86%E8%97%8F%E5%93%81%E5%AE%A4%EF%BC%9A%E9%9D%9E%E4%BA%91%E9%94%A6%E7%B1%BB1%EF%BC%9A1028%E5%A5%97.pdf#page=6,南京历代云锦博物馆藏品室：非云锦类1：1028套,20世纪60年代几何纹苗锦,YBCCA000000100,南京历代云锦博物馆藏品室：非云锦类1：1028套；本对象官网原始名称明确含“锦”,南京历代云锦博物馆藏品室：非云锦类1：1028套；本对象官网原始名称明确含“锦”；清册原始行：32 | YBCCA000000100 | 20世纪60年代几何纹苗锦 | 20世纪60年代 | 织绣 | 征集购买 | 1 |  | ,2026-09-03,false,other_brocade,high,,,other_brocade_YBCCA000000100.png,data/official/evidence/catalog_pages/non_yunjin_page_006.png,data/official/model_images_candidates/other_brocade/other_brocade_YBCCA000000100.png,unknown,Copyright1990-2024 www.71nc.com 版权所有：南京云锦研究所有限公司 苏ICP备12069451号,107,80,true,false,low_for_extracted_thumbnail;manual_review_required,true,false,reference,418ea9a907316ce894441db719332d5f8deffe42c4f17248ee1e42d92a62b56e,官网清册提供可靠类别证据；授权未确认，因此不进入训练集。
official_non_yunjin_YBCCA000000200,official_non_yunjin_YBCCA000000200,official_catalog_pdf,南京历代云锦博物馆藏品室：非云锦类1：1028套,http://www.yjmuseum.com/cpwx/%E5%8D%97%E4%BA%AC%E5%8E%86%E4%BB%A3%E4%BA%91%E9%94%A6%E5%8D%9A%E7%89%A9%E9%A6%86%E8%97%8F%E5%93%81%E5%AE%A4%EF%BC%9A%E9%9D%9E%E4%BA%91%E9%94%A6%E7%B1%BB1%EF%BC%9A1028%E5%A5%97.pdf,http://www.yjmuseum.com/cpwx/%E5%8D%97%E4%BA%AC%E5%8E%86%E4%BB%A3%E4%BA%91%E9%94%A6%E5%8D%9A%E7%89%A9%E9%A6%86%E8%97%8F%E5%93%81%E5%AE%A4%EF%BC%9A%E9%9D%9E%E4%BA%91%E9%94%A6%E7%B1%BB1%EF%BC%9A1028%E5%A5%97.pdf#page=6,南京历代云锦博物馆藏品室：非云锦类1：1028套,20世纪60年代贵州苗锦,YBCCA000000200,南京历代云锦博物馆藏品室：非云锦类1：1028套；本对象官网原始名称明确含“锦”,南京历代云锦博物馆藏品室：非云锦类1：1028套；本对象官网原始名称明确含“锦”；清册原始行：33 | YBCCA000000200 | 20世纪60年代贵州苗锦 | 20世纪60年代 | 织绣 | 征集购买 | 1 |  | ,2026-09-03,false,other_brocade,high,,,other_brocade_YBCCA000000200.png,data/official/evidence/catalog_pages/non_yunjin_page_006.png,data/official/model_images_candidates/other_brocade/other_brocade_YBCCA000000200.png,unknown,Copyright1990-2024 www.71nc.com 版权所有：南京云锦研究所有限公司 苏ICP备12069451号,107,80,true,false,low_for_extracted_thumbnail;manual_review_required,true,false,reference,890862cc9b92a4e363c30c778d3a0a8cfeaa9cc2c489ee95678aea6f326a43d5,官网清册提供可靠类别证据；授权未确认，因此不进入训练集。
official_non_yunjin_YBCCA000000300,official_non_yunjin_YBCCA000000300,official_catalog_pdf,南京历代云锦博物馆藏品室：非云锦类1：1028套,http://www.yjmuseum.com/cpwx/%E5%8D%97%E4%BA%AC%E5%8E%86%E4%BB%A3%E4%BA%91%E9%94%A6%E5%8D%9A%E7%89%A9%E9%A6%86%E8%97%8F%E5%93%81%E5%AE%A4%EF%BC%9A%E9%9D%9E%E4%BA%91%E9%94%A6%E7%B1%BB1%EF%BC%9A1028%E5%A5%97.pdf,http://www.yjmuseum.com/cpwx/%E5%8D%97%E4%BA%AC%E5%8E%86%E4%BB%A3%E4%BA%91%E9%94%A6%E5%8D%9A%E7%89%A9%E9%A6%86%E8%97%8F%E5%93%81%E5%AE%A4%EF%BC%9A%E9%9D%9E%E4%BA%91%E9%94%A6%E7%B1%BB1%EF%BC%9A1028%E5%A5%97.pdf#page=6,南京历代云锦博物馆藏品室：非云锦类1：1028套,20世纪60年代贵州苗锦头巾,YBCCA000000300,南京历代云锦博物馆藏品室：非云锦类1：1028套；本对象官网原始名称明确含“锦”,南京历代云锦博物馆藏品室：非云锦类1：1028套；本对象官网原始名称明确含“锦”；清册原始行：34 | YBCCA000000300 | 20世纪60年代贵州苗锦头巾 | 20世纪60年代 | 织绣 | 征集购买 | 1 |  | ,2026-09-03,false,other_brocade,high,,,other_brocade_YBCCA000000300.png,data/official/evidence/catalog_pages/non_yunjin_page_006.png,data/official/model_images_candidates/other_brocade/other_brocade_YBCCA000000300.png,unknown,Copyright1990-2024 www.71nc.com 版权所有：南京云锦研究所有限公司 苏ICP备12069451号,382,150,true,false,low_for_extracted_thumbnail;manual_review_required,true,false,reference,d85c885ffe2677ccd24869934aa9f8554bb54cd2caf1b201390970f691ffa82f,官网清册提供可靠类别证据；授权未确认，因此不进入训练集。
official_non_yunjin_YBCLA000000100,official_non_yunjin_YBCLA000000100,official_catalog_pdf,南京历代云锦博物馆藏品室：非云锦类1：1028套,http://www.yjmuseum.com/cpwx/%E5%8D%97%E4%BA%AC%E5%8E%86%E4%BB%A3%E4%BA%91%E9%94%A6%E5%8D%9A%E7%89%A9%E9%A6%86%E8%97%8F%E5%93%81%E5%AE%A4%EF%BC%9A%E9%9D%9E%E4%BA%91%E9%94%A6%E7%B1%BB1%EF%BC%9A1028%E5%A5%97.pdf,http://www.yjmuseum.com/cpwx/%E5%8D%97%E4%BA%AC%E5%8E%86%E4%BB%A3%E4%BA%91%E9%94%A6%E5%8D%9A%E7%89%A9%E9%A6%86%E8%97%8F%E5%93%81%E5%AE%A4%EF%BC%9A%E9%9D%9E%E4%BA%91%E9%94%A6%E7%B1%BB1%EF%BC%9A1028%E5%A5%97.pdf#page=6,南京历代云锦博物馆藏品室：非云锦类1：1028套,20世纪80年代新疆维吾尔族拜合锦（一）,YBCLA000000100,南京历代云锦博物馆藏品室：非云锦类1：1028套；本对象官网原始名称明确含“锦”,南京历代云锦博物馆藏品室：非云锦类1：1028套；本对象官网原始名称明确含“锦”；清册原始行：35 | YBCLA000000100 | 20世纪80年代新疆维吾尔族拜合锦（一） | 20世纪80年代 | 织绣 | 征集购买 | 1 |  | ,2026-09-03,false,other_brocade,high,,,other_brocade_YBCLA000000100.png,data/official/evidence/catalog_pages/non_yunjin_page_006.png,data/official/model_images_candidates/other_brocade/other_brocade_YBCLA000000100.png,unknown,Copyright1990-2024 www.71nc.com 版权所有：南京云锦研究所有限公司 苏ICP备12069451号,331,150,true,false,low_for_extracted_thumbnail;manual_review_required,true,false,reference,7cba5e10849b888a44b02ee28f2fc038fdd41f74ca7d5d08e064d3c6e68c36ca,官网清册提供可靠类别证据；授权未确认，因此不进入训练集。
official_non_yunjin_YBCLA000000200,official_non_yunjin_YBCLA000000200,official_catalog_pdf,南京历代云锦博物馆藏品室：非云锦类1：1028套,http://www.yjmuseum.com/cpwx/%E5%8D%97%E4%BA%AC%E5%8E%86%E4%BB%A3%E4%BA%91%E9%94%A6%E5%8D%9A%E7%89%A9%E9%A6%86%E8%97%8F%E5%93%81%E5%AE%A4%EF%BC%9A%E9%9D%9E%E4%BA%91%E9%94%A6%E7%B1%BB1%EF%BC%9A1028%E5%A5%97.pdf,http://www.yjmuseum.com/cpwx/%E5%8D%97%E4%BA%AC%E5%8E%86%E4%BB%A3%E4%BA%91%E9%94%A6%E5%8D%9A%E7%89%A9%E9%A6%86%E8%97%8F%E5%93%81%E5%AE%A4%EF%BC%9A%E9%9D%9E%E4%BA%91%E9%94%A6%E7%B1%BB1%EF%BC%9A1028%E5%A5%97.pdf#page=7,南京历代云锦博物馆藏品室：非云锦类1：1028套,20世纪80年代新疆维吾尔族拜合锦（二）,YBCLA000000200,南京历代云锦博物馆藏品室：非云锦类1：1028套；本对象官网原始名称明确含“锦”,南京历代云锦博物馆藏品室：非云锦类1：1028套；本对象官网原始名称明确含“锦”；清册原始行：36 | YBCLA000000200 | 20世纪80年代新疆维吾尔族拜合锦（二） | 20世纪80年代 | 织绣 | 征集购买 | 1 |  | ,2026-09-03,false,other_brocade,high,,,other_brocade_YBCLA000000200.png,data/official/evidence/catalog_pages/non_yunjin_page_007.png,data/official/model_images_candidates/other_brocade/other_brocade_YBCLA000000200.png,unknown,Copyright1990-2024 www.71nc.com 版权所有：南京云锦研究所有限公司 苏ICP备12069451号,107,80,true,false,low_for_extracted_thumbnail;manual_review_required,true,false,reference,b2faebd50a9c9a7b3375119468ac54f64fc2dbb1fda11770ff0e611cc44d6648,官网清册提供可靠类别证据；授权未确认，因此不进入训练集。
official_non_yunjin_YBCLA000000400,official_non_yunjin_YBCLA000000400,official_catalog_pdf,南京历代云锦博物馆藏品室：非云锦类1：1028套,http://www.yjmuseum.com/cpwx/%E5%8D%97%E4%BA%AC%E5%8E%86%E4%BB%A3%E4%BA%91%E9%94%A6%E5%8D%9A%E7%89%A9%E9%A6%86%E8%97%8F%E5%93%81%E5%AE%A4%EF%BC%9A%E9%9D%9E%E4%BA%91%E9%94%A6%E7%B1%BB1%EF%BC%9A1028%E5%A5%97.pdf,http://www.yjmuseum.com/cpwx/%E5%8D%97%E4%BA%AC%E5%8E%86%E4%BB%A3%E4%BA%91%E9%94%A6%E5%8D%9A%E7%89%A9%E9%A6%86%E8%97%8F%E5%93%81%E5%AE%A4%EF%BC%9A%E9%9D%9E%E4%BA%91%E9%94%A6%E7%B1%BB1%EF%BC%9A1028%E5%A5%97.pdf#page=7,南京历代云锦博物馆藏品室：非云锦类1：1028套,20世纪80年代新疆维吾尔族拜合锦（四）,YBCLA000000400,南京历代云锦博物馆藏品室：非云锦类1：1028套；本对象官网原始名称明确含“锦”,南京历代云锦博物馆藏品室：非云锦类1：1028套；本对象官网原始名称明确含“锦”；清册原始行：38 | YBCLA000000400 | 20世纪80年代新疆维吾尔族拜合锦（四） | 20世纪80年代 | 织绣 | 征集购买 | 1 |  | ,2026-09-03,false,other_brocade,high,,,other_brocade_YBCLA000000400.png,data/official/evidence/catalog_pages/non_yunjin_page_007.png,data/official/model_images_candidates/other_brocade/other_brocade_YBCLA000000400.png,unknown,Copyright1990-2024 www.71nc.com 版权所有：南京云锦研究所有限公司 苏ICP备12069451号,107,80,true,false,low_for_extracted_thumbnail;manual_review_required,true,false,reference,e5fc586b06fbde568cfd3c25041e0bc189370c093d5e557098cc76815f2b9319,官网清册提供可靠类别证据；授权未确认，因此不进入训练集。
official_non_yunjin_YBCLA000000500,official_non_yunjin_YBCLA000000500,official_catalog_pdf,南京历代云锦博物馆藏品室：非云锦类1：1028套,http://www.yjmuseum.com/cpwx/%E5%8D%97%E4%BA%AC%E5%8E%86%E4%BB%A3%E4%BA%91%E9%94%A6%E5%8D%9A%E7%89%A9%E9%A6%86%E8%97%8F%E5%93%81%E5%AE%A4%EF%BC%9A%E9%9D%9E%E4%BA%91%E9%94%A6%E7%B1%BB1%EF%BC%9A1028%E5%A5%97.pdf,http://www.yjmuseum.com/cpwx/%E5%8D%97%E4%BA%AC%E5%8E%86%E4%BB%A3%E4%BA%91%E9%94%A6%E5%8D%9A%E7%89%A9%E9%A6%86%E8%97%8F%E5%93%81%E5%AE%A4%EF%BC%9A%E9%9D%9E%E4%BA%91%E9%94%A6%E7%B1%BB1%EF%BC%9A1028%E5%A5%97.pdf#page=7,南京历代云锦博物馆藏品室：非云锦类1：1028套,20世纪80年代新疆维吾尔族拜合锦（五）,YBCLA000000500,南京历代云锦博物馆藏品室：非云锦类1：1028套；本对象官网原始名称明确含“锦”,南京历代云锦博物馆藏品室：非云锦类1：1028套；本对象官网原始名称明确含“锦”；清册原始行：39 | YBCLA000000500 | 20世纪80年代新疆维吾尔族拜合锦（五） | 20世纪80年代 | 织绣 | 征集购买 | 1 |  | ,2026-09-03,false,other_brocade,high,,,other_brocade_YBCLA000000500.png,data/official/evidence/catalog_pages/non_yunjin_page_007.png,data/official/model_images_candidates/other_brocade/other_brocade_YBCLA000000500.png,unknown,Copyright1990-2024 www.71nc.com 版权所有：南京云锦研究所有限公司 苏ICP备12069451号,139,80,true,false,low_for_extracted_thumbnail;manual_review_required,true,false,reference,ec238742235b2bfeaeea749697b882b8c18338afff63e5a6c472527a923ec0a3,官网清册提供可靠类别证据；授权未确认，因此不进入训练集。
official_non_yunjin_YBCLA000000600,official_non_yunjin_YBCLA000000600,official_catalog_pdf,南京历代云锦博物馆藏品室：非云锦类1：1028套,http://www.yjmuseum.com/cpwx/%E5%8D%97%E4%BA%AC%E5%8E%86%E4%BB%A3%E4%BA%91%E9%94%A6%E5%8D%9A%E7%89%A9%E9%A6%86%E8%97%8F%E5%93%81%E5%AE%A4%EF%BC%9A%E9%9D%9E%E4%BA%91%E9%94%A6%E7%B1%BB1%EF%BC%9A1028%E5%A5%97.pdf,http://www.yjmuseum.com/cpwx/%E5%8D%97%E4%BA%AC%E5%8E%86%E4%BB%A3%E4%BA%91%E9%94%A6%E5%8D%9A%E7%89%A9%E9%A6%86%E8%97%8F%E5%93%81%E5%AE%A4%EF%BC%9A%E9%9D%9E%E4%BA%91%E9%94%A6%E7%B1%BB1%EF%BC%9A1028%E5%A5%97.pdf#page=7,南京历代云锦博物馆藏品室：非云锦类1：1028套,20世纪80年代新疆维吾尔族拜合锦,YBCLA000000600,南京历代云锦博物馆藏品室：非云锦类1：1028套；本对象官网原始名称明确含“锦”,南京历代云锦博物馆藏品室：非云锦类1：1028套；本对象官网原始名称明确含“锦”；清册原始行：40 | YBCLA000000600 | 20世纪80年代新疆维吾尔族拜合锦 | 20世纪80年代 | 织绣 | 征集购买 | 1 |  | ,2026-09-03,false,other_brocade,high,,,other_brocade_YBCLA000000600.png,data/official/evidence/catalog_pages/non_yunjin_page_007.png,data/official/model_images_candidates/other_brocade/other_brocade_YBCLA000000600.png,unknown,Copyright1990-2024 www.71nc.com 版权所有：南京云锦研究所有限公司 苏ICP备12069451号,107,80,true,false,low_for_extracted_thumbnail;manual_review_required,true,false,reference,79b77ee37988ca0adef82566dd58d21c15cee28ef7077942519dfc0dea68e106,官网清册提供可靠类别证据；授权未确认，因此不进入训练集。
official_non_yunjin_YBCDD000000100,official_non_yunjin_YBCDD000000100,official_catalog_pdf,南京历代云锦博物馆藏品室：非云锦类1：1028套,http://www.yjmuseum.com/cpwx/%E5%8D%97%E4%BA%AC%E5%8E%86%E4%BB%A3%E4%BA%91%E9%94%A6%E5%8D%9A%E7%89%A9%E9%A6%86%E8%97%8F%E5%93%81%E5%AE%A4%EF%BC%9A%E9%9D%9E%E4%BA%91%E9%94%A6%E7%B1%BB1%EF%BC%9A1028%E5%A5%97.pdf,http://www.yjmuseum.com/cpwx/%E5%8D%97%E4%BA%AC%E5%8E%86%E4%BB%A3%E4%BA%91%E9%94%A6%E5%8D%9A%E7%89%A9%E9%A6%86%E8%97%8F%E5%93%81%E5%AE%A4%EF%BC%9A%E9%9D%9E%E4%BA%91%E9%94%A6%E7%B1%BB1%EF%BC%9A1028%E5%A5%97.pdf#page=7,南京历代云锦博物馆藏品室：非云锦类1：1028套,20世纪80年代广西壮锦红棉花围巾,YBCDD000000100,南京历代云锦博物馆藏品室：非云锦类1：1028套；本对象官网原始名称明确含“锦”,南京历代云锦博物馆藏品室：非云锦类1：1028套；本对象官网原始名称明确含“锦”；清册原始行：41 | YBCDD000000100 | 20世纪80年代广西壮锦红棉花围巾 | 20世纪80年代 | 织绣 | 征集购买 | 1 |  | ,2026-09-03,false,other_brocade,high,,,other_brocade_YBCDD000000100.png,data/official/evidence/catalog_pages/non_yunjin_page_007.png,data/official/model_images_candidates/other_brocade/other_brocade_YBCDD000000100.png,unknown,Copyright1990-2024 www.71nc.com 版权所有：南京云锦研究所有限公司 苏ICP备12069451号,390,150,true,false,low_for_extracted_thumbnail;manual_review_required,true,false,reference,240361015b1312e4ff6ddc8d35812e7d93aaee4559d42d10fb562e2dde17107a,官网清册提供可靠类别证据；授权未确认，因此不进入训练集。
official_non_yunjin_YBCSA000000100,official_non_yunjin_YBCSA000000100,official_catalog_pdf,南京历代云锦博物馆藏品室：非云锦类1：1028套,http://www.yjmuseum.com/cpwx/%E5%8D%97%E4%BA%AC%E5%8E%86%E4%BB%A3%E4%BA%91%E9%94%A6%E5%8D%9A%E7%89%A9%E9%A6%86%E8%97%8F%E5%93%81%E5%AE%A4%EF%BC%9A%E9%9D%9E%E4%BA%91%E9%94%A6%E7%B1%BB1%EF%BC%9A1028%E5%A5%97.pdf,http://www.yjmuseum.com/cpwx/%E5%8D%97%E4%BA%AC%E5%8E%86%E4%BB%A3%E4%BA%91%E9%94%A6%E5%8D%9A%E7%89%A9%E9%A6%86%E8%97%8F%E5%93%81%E5%AE%A4%EF%BC%9A%E9%9D%9E%E4%BA%91%E9%94%A6%E7%B1%BB1%EF%BC%9A1028%E5%A5%97.pdf#page=8,南京历代云锦博物馆藏品室：非云锦类1：1028套,20世纪70年代西双版纳傣锦谷黄沙发巾,YBCSA000000100,南京历代云锦博物馆藏品室：非云锦类1：1028套；本对象官网原始名称明确含“锦”,南京历代云锦博物馆藏品室：非云锦类1：1028套；本对象官网原始名称明确含“锦”；清册原始行：42 | YBCSA000000100 | 20世纪70年代西双版纳傣锦谷黄沙发巾 | 20世纪70年代 | 织绣 | 征集购买 | 1 |  | ,2026-09-03,false,other_brocade,high,,,other_brocade_YBCSA000000100.png,data/official/evidence/catalog_pages/non_yunjin_page_008.png,data/official/model_images_candidates/other_brocade/other_brocade_YBCSA000000100.png,unknown,Copyright1990-2024 www.71nc.com 版权所有：南京云锦研究所有限公司 苏ICP备12069451号,118,80,true,false,low_for_extracted_thumbnail;manual_review_required,true,false,reference,36a025fc289eeac3c8a8d0b58a695b39c69445771137525d8147eb0531100a02,官网清册提供可靠类别证据；授权未确认，因此不进入训练集。
official_non_yunjin_YBCMA000000100,official_non_yunjin_YBCMA000000100,official_catalog_pdf,南京历代云锦博物馆藏品室：非云锦类1：1028套,http://www.yjmuseum.com/cpwx/%E5%8D%97%E4%BA%AC%E5%8E%86%E4%BB%A3%E4%BA%91%E9%94%A6%E5%8D%9A%E7%89%A9%E9%A6%86%E8%97%8F%E5%93%81%E5%AE%A4%EF%BC%9A%E9%9D%9E%E4%BA%91%E9%94%A6%E7%B1%BB1%EF%BC%9A1028%E5%A5%97.pdf,http://www.yjmuseum.com/cpwx/%E5%8D%97%E4%BA%AC%E5%8E%86%E4%BB%A3%E4%BA%91%E9%94%A6%E5%8D%9A%E7%89%A9%E9%A6%86%E8%97%8F%E5%93%81%E5%AE%A4%EF%BC%9A%E9%9D%9E%E4%BA%91%E9%94%A6%E7%B1%BB1%EF%BC%9A1028%E5%A5%97.pdf#page=8,南京历代云锦博物馆藏品室：非云锦类1：1028套,20世纪70年代几何纹瑶锦,YBCMA000000100,南京历代云锦博物馆藏品室：非云锦类1：1028套；本对象官网原始名称明确含“锦”,南京历代云锦博物馆藏品室：非云锦类1：1028套；本对象官网原始名称明确含“锦”；清册原始行：43 | YBCMA000000100 | 20世纪70年代几何纹瑶锦 | 20世纪70年代 | 织绣 | 征集购买 | 1 |  | ,2026-09-03,false,other_brocade,high,,,other_brocade_YBCMA000000100.png,data/official/evidence/catalog_pages/non_yunjin_page_008.png,data/official/model_images_candidates/other_brocade/other_brocade_YBCMA000000100.png,unknown,Copyright1990-2024 www.71nc.com 版权所有：南京云锦研究所有限公司 苏ICP备12069451号,107,80,true,false,low_for_extracted_thumbnail;manual_review_required,true,false,reference,8cb5c20a9aec9b510bc6ae8243cba3d65b0bf955b15629311f322e74e9264d1c,官网清册提供可靠类别证据；授权未确认，因此不进入训练集。
official_non_yunjin_YBCPA000000100,official_non_yunjin_YBCPA000000100,official_catalog_pdf,南京历代云锦博物馆藏品室：非云锦类1：1028套,http://www.yjmuseum.com/cpwx/%E5%8D%97%E4%BA%AC%E5%8E%86%E4%BB%A3%E4%BA%91%E9%94%A6%E5%8D%9A%E7%89%A9%E9%A6%86%E8%97%8F%E5%93%81%E5%AE%A4%EF%BC%9A%E9%9D%9E%E4%BA%91%E9%94%A6%E7%B1%BB1%EF%BC%9A1028%E5%A5%97.pdf,http://www.yjmuseum.com/cpwx/%E5%8D%97%E4%BA%AC%E5%8E%86%E4%BB%A3%E4%BA%91%E9%94%A6%E5%8D%9A%E7%89%A9%E9%A6%86%E8%97%8F%E5%93%81%E5%AE%A4%EF%BC%9A%E9%9D%9E%E4%BA%91%E9%94%A6%E7%B1%BB1%EF%BC%9A1028%E5%A5%97.pdf#page=8,南京历代云锦博物馆藏品室：非云锦类1：1028套,20世纪70年代独龙族条纹锦,YBCPA000000100,南京历代云锦博物馆藏品室：非云锦类1：1028套；本对象官网原始名称明确含“锦”,南京历代云锦博物馆藏品室：非云锦类1：1028套；本对象官网原始名称明确含“锦”；清册原始行：44 | YBCPA000000100 | 20世纪70年代独龙族条纹锦 | 20世纪70年代 | 织绣 | 征集购买 | 1 |  | ,2026-09-03,false,other_brocade,high,,龙,other_brocade_YBCPA000000100.png,data/official/evidence/catalog_pages/non_yunjin_page_008.png,data/official/model_images_candidates/other_brocade/other_brocade_YBCPA000000100.png,unknown,Copyright1990-2024 www.71nc.com 版权所有：南京云锦研究所有限公司 苏ICP备12069451号,107,80,true,false,low_for_extracted_thumbnail;manual_review_required,true,false,reference,517a64676ed53877c29b3de8859013c3385c47c4c5b5bf1020eddcab654b4877,官网清册提供可靠类别证据；授权未确认，因此不进入训练集。
official_non_yunjin_YBCFF000000100,official_non_yunjin_YBCFF000000100,official_catalog_pdf,南京历代云锦博物馆藏品室：非云锦类1：1028套,http://www.yjmuseum.com/cpwx/%E5%8D%97%E4%BA%AC%E5%8E%86%E4%BB%A3%E4%BA%91%E9%94%A6%E5%8D%9A%E7%89%A9%E9%A6%86%E8%97%8F%E5%93%81%E5%AE%A4%EF%BC%9A%E9%9D%9E%E4%BA%91%E9%94%A6%E7%B1%BB1%EF%BC%9A1028%E5%A5%97.pdf,http://www.yjmuseum.com/cpwx/%E5%8D%97%E4%BA%AC%E5%8E%86%E4%BB%A3%E4%BA%91%E9%94%A6%E5%8D%9A%E7%89%A9%E9%A6%86%E8%97%8F%E5%93%81%E5%AE%A4%EF%BC%9A%E9%9D%9E%E4%BA%91%E9%94%A6%E7%B1%BB1%EF%BC%9A1028%E5%A5%97.pdf#page=8,南京历代云锦博物馆藏品室：非云锦类1：1028套,20世纪70年代侗锦蝶床毯,YBCFF000000100,南京历代云锦博物馆藏品室：非云锦类1：1028套；本对象官网原始名称明确含“锦”,南京历代云锦博物馆藏品室：非云锦类1：1028套；本对象官网原始名称明确含“锦”；清册原始行：46 | YBCFF000000100 | 20世纪70年代侗锦蝶床毯 | 20世纪70年代 | 织绣 | 征集购买 | 1 |  | ,2026-09-03,false,other_brocade,high,,,other_brocade_YBCFF000000100.png,data/official/evidence/catalog_pages/non_yunjin_page_008.png,data/official/model_images_candidates/other_brocade/other_brocade_YBCFF000000100.png,unknown,Copyright1990-2024 www.71nc.com 版权所有：南京云锦研究所有限公司 苏ICP备12069451号,126,80,true,false,low_for_extracted_thumbnail;manual_review_required,true,false,reference,699eb5750355b14171dbc5a169815eb773e4e056d10b16ee213c7f37b1deeeb6,官网清册提供可靠类别证据；授权未确认，因此不进入训练集。
official_non_yunjin_YBCDF000000100,official_non_yunjin_YBCDF000000100,official_catalog_pdf,南京历代云锦博物馆藏品室：非云锦类1：1028套,http://www.yjmuseum.com/cpwx/%E5%8D%97%E4%BA%AC%E5%8E%86%E4%BB%A3%E4%BA%91%E9%94%A6%E5%8D%9A%E7%89%A9%E9%A6%86%E8%97%8F%E5%93%81%E5%AE%A4%EF%BC%9A%E9%9D%9E%E4%BA%91%E9%94%A6%E7%B1%BB1%EF%BC%9A1028%E5%A5%97.pdf,http://www.yjmuseum.com/cpwx/%E5%8D%97%E4%BA%AC%E5%8E%86%E4%BB%A3%E4%BA%91%E9%94%A6%E5%8D%9A%E7%89%A9%E9%A6%86%E8%97%8F%E5%93%81%E5%AE%A4%EF%BC%9A%E9%9D%9E%E4%BA%91%E9%94%A6%E7%B1%BB1%EF%BC%9A1028%E5%A5%97.pdf#page=8,南京历代云锦博物馆藏品室：非云锦类1：1028套,20世纪70年代壮锦粉红床毯,YBCDF000000100,南京历代云锦博物馆藏品室：非云锦类1：1028套；本对象官网原始名称明确含“锦”,南京历代云锦博物馆藏品室：非云锦类1：1028套；本对象官网原始名称明确含“锦”；清册原始行：47 | YBCDF000000100 | 20世纪70年代壮锦粉红床毯 | 20世纪70年代 | 织绣 | 征集购买 | 1 |  | ,2026-09-03,false,other_brocade,high,,,other_brocade_YBCDF000000100.png,data/official/evidence/catalog_pages/non_yunjin_page_008.png,data/official/model_images_candidates/other_brocade/other_brocade_YBCDF000000100.png,unknown,Copyright1990-2024 www.71nc.com 版权所有：南京云锦研究所有限公司 苏ICP备12069451号,200,150,true,false,low_for_extracted_thumbnail;manual_review_required,true,false,reference,d70b7f446095432b0763ef879c2d68fc3886179f0b22bb23d996099169c03caf,官网清册提供可靠类别证据；授权未确认，因此不进入训练集。
official_non_yunjin_YBCYE000000800,official_non_yunjin_YBCYE000000800,official_catalog_pdf,南京历代云锦博物馆藏品室：非云锦类1：1028套,http://www.yjmuseum.com/cpwx/%E5%8D%97%E4%BA%AC%E5%8E%86%E4%BB%A3%E4%BA%91%E9%94%A6%E5%8D%9A%E7%89%A9%E9%A6%86%E8%97%8F%E5%93%81%E5%AE%A4%EF%BC%9A%E9%9D%9E%E4%BA%91%E9%94%A6%E7%B1%BB1%EF%BC%9A1028%E5%A5%97.pdf,http://www.yjmuseum.com/cpwx/%E5%8D%97%E4%BA%AC%E5%8E%86%E4%BB%A3%E4%BA%91%E9%94%A6%E5%8D%9A%E7%89%A9%E9%A6%86%E8%97%8F%E5%93%81%E5%AE%A4%EF%BC%9A%E9%9D%9E%E4%BA%91%E9%94%A6%E7%B1%BB1%EF%BC%9A1028%E5%A5%97.pdf#page=9,南京历代云锦博物馆藏品室：非云锦类1：1028套,20世纪80年代土家锦褡连（一）,YBCYE000000800,南京历代云锦博物馆藏品室：非云锦类1：1028套；本对象官网原始名称明确含“锦”,南京历代云锦博物馆藏品室：非云锦类1：1028套；本对象官网原始名称明确含“锦”；清册原始行：48 | YBCYE000000800 | 20世纪80年代土家锦褡连（一） | 20世纪80年代 | 织绣 | 征集购买 | 1 |  | ,2026-09-03,false,other_brocade,high,,,other_brocade_YBCYE000000800.png,data/official/evidence/catalog_pages/non_yunjin_page_009.png,data/official/model_images_candidates/other_brocade/other_brocade_YBCYE000000800.png,unknown,Copyright1990-2024 www.71nc.com 版权所有：南京云锦研究所有限公司 苏ICP备12069451号,107,80,true,false,low_for_extracted_thumbnail;manual_review_required,true,false,reference,388eb9eb71ab17898abf1f8ba0d3ecb3e38db092820d066fd77a90a1fe03e144,官网清册提供可靠类别证据；授权未确认，因此不进入训练集。
official_non_yunjin_YBCYE000000900,official_non_yunjin_YBCYE000000900,official_catalog_pdf,南京历代云锦博物馆藏品室：非云锦类1：1028套,http://www.yjmuseum.com/cpwx/%E5%8D%97%E4%BA%AC%E5%8E%86%E4%BB%A3%E4%BA%91%E9%94%A6%E5%8D%9A%E7%89%A9%E9%A6%86%E8%97%8F%E5%93%81%E5%AE%A4%EF%BC%9A%E9%9D%9E%E4%BA%91%E9%94%A6%E7%B1%BB1%EF%BC%9A1028%E5%A5%97.pdf,http://www.yjmuseum.com/cpwx/%E5%8D%97%E4%BA%AC%E5%8E%86%E4%BB%A3%E4%BA%91%E9%94%A6%E5%8D%9A%E7%89%A9%E9%A6%86%E8%97%8F%E5%93%81%E5%AE%A4%EF%BC%9A%E9%9D%9E%E4%BA%91%E9%94%A6%E7%B1%BB1%EF%BC%9A1028%E5%A5%97.pdf#page=9,南京历代云锦博物馆藏品室：非云锦类1：1028套,20世纪80年代土家锦褡连褡连（二）,YBCYE000000900,南京历代云锦博物馆藏品室：非云锦类1：1028套；本对象官网原始名称明确含“锦”,南京历代云锦博物馆藏品室：非云锦类1：1028套；本对象官网原始名称明确含“锦”；清册原始行：49 | YBCYE000000900 | 20世纪80年代土家锦褡连褡连（二） | 20世纪80年代 | 织绣 | 征集购买 | 1 |  | ,2026-09-03,false,other_brocade,high,,,other_brocade_YBCYE000000900.png,data/official/evidence/catalog_pages/non_yunjin_page_009.png,data/official/model_images_candidates/other_brocade/other_brocade_YBCYE000000900.png,unknown,Copyright1990-2024 www.71nc.com 版权所有：南京云锦研究所有限公司 苏ICP备12069451号,58,80,true,false,low_for_extracted_thumbnail;manual_review_required,true,false,reference,1bc352ad83b21fac4432f8eb81bb3b7a156508f139f98594eaff0f981ed17b97,官网清册提供可靠类别证据；授权未确认，因此不进入训练集。
official_non_yunjin_YBCYB000000100,official_non_yunjin_YBCYB000000100,official_catalog_pdf,南京历代云锦博物馆藏品室：非云锦类1：1028套,http://www.yjmuseum.com/cpwx/%E5%8D%97%E4%BA%AC%E5%8E%86%E4%BB%A3%E4%BA%91%E9%94%A6%E5%8D%9A%E7%89%A9%E9%A6%86%E8%97%8F%E5%93%81%E5%AE%A4%EF%BC%9A%E9%9D%9E%E4%BA%91%E9%94%A6%E7%B1%BB1%EF%BC%9A1028%E5%A5%97.pdf,http://www.yjmuseum.com/cpwx/%E5%8D%97%E4%BA%AC%E5%8E%86%E4%BB%A3%E4%BA%91%E9%94%A6%E5%8D%9A%E7%89%A9%E9%A6%86%E8%97%8F%E5%93%81%E5%AE%A4%EF%BC%9A%E9%9D%9E%E4%BA%91%E9%94%A6%E7%B1%BB1%EF%BC%9A1028%E5%A5%97.pdf#page=9,南京历代云锦博物馆藏品室：非云锦类1：1028套,20世纪70年代土家族苗锦,YBCYB000000100,南京历代云锦博物馆藏品室：非云锦类1：1028套；本对象官网原始名称明确含“锦”,南京历代云锦博物馆藏品室：非云锦类1：1028套；本对象官网原始名称明确含“锦”；清册原始行：50 | YBCYB000000100 | 20世纪70年代土家族苗锦 | 20世纪70年代 | 织绣 | 征集购买 | 1 |  | ,2026-09-03,false,other_brocade,high,,,other_brocade_YBCYB000000100.png,data/official/evidence/catalog_pages/non_yunjin_page_009.png,data/official/model_images_candidates/other_brocade/other_brocade_YBCYB000000100.png,unknown,Copyright1990-2024 www.71nc.com 版权所有：南京云锦研究所有限公司 苏ICP备12069451号,107,80,true,false,low_for_extracted_thumbnail;manual_review_required,true,false,reference,46505c17d284e8b403a5a17e7610302374ec6d931c73d0351ffc58a6753f3bfc,官网清册提供可靠类别证据；授权未确认，因此不进入训练集。
official_non_yunjin_YBCKE000000100,official_non_yunjin_YBCKE000000100,official_catalog_pdf,南京历代云锦博物馆藏品室：非云锦类1：1028套,http://www.yjmuseum.com/cpwx/%E5%8D%97%E4%BA%AC%E5%8E%86%E4%BB%A3%E4%BA%91%E9%94%A6%E5%8D%9A%E7%89%A9%E9%A6%86%E8%97%8F%E5%93%81%E5%AE%A4%EF%BC%9A%E9%9D%9E%E4%BA%91%E9%94%A6%E7%B1%BB1%EF%BC%9A1028%E5%A5%97.pdf,http://www.yjmuseum.com/cpwx/%E5%8D%97%E4%BA%AC%E5%8E%86%E4%BB%A3%E4%BA%91%E9%94%A6%E5%8D%9A%E7%89%A9%E9%A6%86%E8%97%8F%E5%93%81%E5%AE%A4%EF%BC%9A%E9%9D%9E%E4%BA%91%E9%94%A6%E7%B1%BB1%EF%BC%9A1028%E5%A5%97.pdf#page=9,南京历代云锦博物馆藏品室：非云锦类1：1028套,20世纪80年代土家族织锦大提袋,YBCKE000000100,南京历代云锦博物馆藏品室：非云锦类1：1028套；本对象官网原始名称明确含“锦”,南京历代云锦博物馆藏品室：非云锦类1：1028套；本对象官网原始名称明确含“锦”；清册原始行：51 | YBCKE000000100 | 20世纪80年代土家族织锦大提袋 | 20世纪80年代 | 织绣 | 征集购买 | 1 |  | ,2026-09-03,false,other_brocade,high,,,other_brocade_YBCKE000000100.png,data/official/evidence/catalog_pages/non_yunjin_page_009.png,data/official/model_images_candidates/other_brocade/other_brocade_YBCKE000000100.png,unknown,Copyright1990-2024 www.71nc.com 版权所有：南京云锦研究所有限公司 苏ICP备12069451号,337,150,true,false,low_for_extracted_thumbnail;manual_review_required,true,false,reference,b3abc765317aad61a7bd2f4ba9ece29f14f6f36eeb3a75ad5fad63f2cd89b042,官网清册提供可靠类别证据；授权未确认，因此不进入训练集。
official_non_yunjin_YBCKF000000100,official_non_yunjin_YBCKF000000100,official_catalog_pdf,南京历代云锦博物馆藏品室：非云锦类1：1028套,http://www.yjmuseum.com/cpwx/%E5%8D%97%E4%BA%AC%E5%8E%86%E4%BB%A3%E4%BA%91%E9%94%A6%E5%8D%9A%E7%89%A9%E9%A6%86%E8%97%8F%E5%93%81%E5%AE%A4%EF%BC%9A%E9%9D%9E%E4%BA%91%E9%94%A6%E7%B1%BB1%EF%BC%9A1028%E5%A5%97.pdf,http://www.yjmuseum.com/cpwx/%E5%8D%97%E4%BA%AC%E5%8E%86%E4%BB%A3%E4%BA%91%E9%94%A6%E5%8D%9A%E7%89%A9%E9%A6%86%E8%97%8F%E5%93%81%E5%AE%A4%EF%BC%9A%E9%9D%9E%E4%BA%91%E9%94%A6%E7%B1%BB1%EF%BC%9A1028%E5%A5%97.pdf#page=10,南京历代云锦博物馆藏品室：非云锦类1：1028套,20世纪80年代土家锦八卦图茶几沙发巾,YBCKF000000100,南京历代云锦博物馆藏品室：非云锦类1：1028套；本对象官网原始名称明确含“锦”,南京历代云锦博物馆藏品室：非云锦类1：1028套；本对象官网原始名称明确含“锦”；清册原始行：55 | YBCKF000000100 | 20世纪80年代土家锦八卦图茶几沙发巾 | 20世纪80年代 | 织绣 | 征集购买 | 1 |  | ,2026-09-03,false,other_brocade,high,,,other_brocade_YBCKF000000100.png,data/official/evidence/catalog_pages/non_yunjin_page_010.png,data/official/model_images_candidates/other_brocade/other_brocade_YBCKF000000100.png,unknown,Copyright1990-2024 www.71nc.com 版权所有：南京云锦研究所有限公司 苏ICP备12069451号,107,80,true,false,low_for_extracted_thumbnail;manual_review_required,true,false,reference,7a6d6f2ec4a05a092e599679358e5ebeb2a880e53434bd5c3f774030348f208b,官网清册提供可靠类别证据；授权未确认，因此不进入训练集。
official_non_yunjin_YBCKE000000500,official_non_yunjin_YBCKE000000500,official_catalog_pdf,南京历代云锦博物馆藏品室：非云锦类1：1028套,http://www.yjmuseum.com/cpwx/%E5%8D%97%E4%BA%AC%E5%8E%86%E4%BB%A3%E4%BA%91%E9%94%A6%E5%8D%9A%E7%89%A9%E9%A6%86%E8%97%8F%E5%93%81%E5%AE%A4%EF%BC%9A%E9%9D%9E%E4%BA%91%E9%94%A6%E7%B1%BB1%EF%BC%9A1028%E5%A5%97.pdf,http://www.yjmuseum.com/cpwx/%E5%8D%97%E4%BA%AC%E5%8E%86%E4%BB%A3%E4%BA%91%E9%94%A6%E5%8D%9A%E7%89%A9%E9%A6%86%E8%97%8F%E5%93%81%E5%AE%A4%EF%BC%9A%E9%9D%9E%E4%BA%91%E9%94%A6%E7%B1%BB1%EF%BC%9A1028%E5%A5%97.pdf#page=10,南京历代云锦博物馆藏品室：非云锦类1：1028套,20世纪80年代土家锦岩墙花拼布挎包,YBCKE000000500,南京历代云锦博物馆藏品室：非云锦类1：1028套；本对象官网原始名称明确含“锦”,南京历代云锦博物馆藏品室：非云锦类1：1028套；本对象官网原始名称明确含“锦”；清册原始行：57 | YBCKE000000500 | 20世纪80年代土家锦岩墙花拼布挎包 | 20世纪80年代 | 织绣 | 征集购买 | 1 |  | ,2026-09-03,false,other_brocade,high,,,other_brocade_YBCKE000000500.png,data/official/evidence/catalog_pages/non_yunjin_page_010.png,data/official/model_images_candidates/other_brocade/other_brocade_YBCKE000000500.png,unknown,Copyright1990-2024 www.71nc.com 版权所有：南京云锦研究所有限公司 苏ICP备12069451号,107,80,true,false,low_for_extracted_thumbnail;manual_review_required,true,false,reference,31364925810387e549bb4e5eb43d5e35c339151159825c43da69832e0a7a0140,官网清册提供可靠类别证据；授权未确认，因此不进入训练集。
official_non_yunjin_YBCKE000000700,official_non_yunjin_YBCKE000000700,official_catalog_pdf,南京历代云锦博物馆藏品室：非云锦类1：1028套,http://www.yjmuseum.com/cpwx/%E5%8D%97%E4%BA%AC%E5%8E%86%E4%BB%A3%E4%BA%91%E9%94%A6%E5%8D%9A%E7%89%A9%E9%A6%86%E8%97%8F%E5%93%81%E5%AE%A4%EF%BC%9A%E9%9D%9E%E4%BA%91%E9%94%A6%E7%B1%BB1%EF%BC%9A1028%E5%A5%97.pdf,http://www.yjmuseum.com/cpwx/%E5%8D%97%E4%BA%AC%E5%8E%86%E4%BB%A3%E4%BA%91%E9%94%A6%E5%8D%9A%E7%89%A9%E9%A6%86%E8%97%8F%E5%93%81%E5%AE%A4%EF%BC%9A%E9%9D%9E%E4%BA%91%E9%94%A6%E7%B1%BB1%EF%BC%9A1028%E5%A5%97.pdf#page=10,南京历代云锦博物馆藏品室：非云锦类1：1028套,20世纪80年代土家织锦挎袋（一）,YBCKE000000700,南京历代云锦博物馆藏品室：非云锦类1：1028套；本对象官网原始名称明确含“锦”,南京历代云锦博物馆藏品室：非云锦类1：1028套；本对象官网原始名称明确含“锦”；清册原始行：59 | YBCKE000000700 | 20世纪80年代土家织锦挎袋（一） | 20世纪80年代 | 织绣 | 征集购买 | 1 |  | ,2026-09-03,false,other_brocade,high,,,other_brocade_YBCKE000000700.png,data/official/evidence/catalog_pages/non_yunjin_page_010.png,data/official/model_images_candidates/other_brocade/other_brocade_YBCKE000000700.png,unknown,Copyright1990-2024 www.71nc.com 版权所有：南京云锦研究所有限公司 苏ICP备12069451号,112,150,true,false,low_for_extracted_thumbnail;manual_review_required,true,false,reference,4b714c99a26541c2cf23e4487f716dbff8061b2b3abe47c529263694d94de999,官网清册提供可靠类别证据；授权未确认，因此不进入训练集。
official_non_yunjin_YBCKE000000800,official_non_yunjin_YBCKE000000800,official_catalog_pdf,南京历代云锦博物馆藏品室：非云锦类1：1028套,http://www.yjmuseum.com/cpwx/%E5%8D%97%E4%BA%AC%E5%8E%86%E4%BB%A3%E4%BA%91%E9%94%A6%E5%8D%9A%E7%89%A9%E9%A6%86%E8%97%8F%E5%93%81%E5%AE%A4%EF%BC%9A%E9%9D%9E%E4%BA%91%E9%94%A6%E7%B1%BB1%EF%BC%9A1028%E5%A5%97.pdf,http://www.yjmuseum.com/cpwx/%E5%8D%97%E4%BA%AC%E5%8E%86%E4%BB%A3%E4%BA%91%E9%94%A6%E5%8D%9A%E7%89%A9%E9%A6%86%E8%97%8F%E5%93%81%E5%AE%A4%EF%BC%9A%E9%9D%9E%E4%BA%91%E9%94%A6%E7%B1%BB1%EF%BC%9A1028%E5%A5%97.pdf#page=11,南京历代云锦博物馆藏品室：非云锦类1：1028套,20世纪80年代土家织锦挎袋（二）,YBCKE000000800,南京历代云锦博物馆藏品室：非云锦类1：1028套；本对象官网原始名称明确含“锦”,南京历代云锦博物馆藏品室：非云锦类1：1028套；本对象官网原始名称明确含“锦”；清册原始行：60 | YBCKE000000800 | 20世纪80年代土家织锦挎袋（二） | 20世纪80年代 | 织绣 | 征集购买 | 1 |  | ,2026-09-03,false,other_brocade,high,,,other_brocade_YBCKE000000800.png,data/official/evidence/catalog_pages/non_yunjin_page_011.png,data/official/model_images_candidates/other_brocade/other_brocade_YBCKE000000800.png,unknown,Copyright1990-2024 www.71nc.com 版权所有：南京云锦研究所有限公司 苏ICP备12069451号,60,80,true,false,low_for_extracted_thumbnail;manual_review_required,true,false,reference,1d3fa8389c52bbffb797eb07573267ecb6d8e4ed3d6ab4fd75ef81501c4fc3f5,官网清册提供可靠类别证据；授权未确认，因此不进入训练集。
official_non_yunjin_YBCKE000000900,official_non_yunjin_YBCKE000000900,official_catalog_pdf,南京历代云锦博物馆藏品室：非云锦类1：1028套,http://www.yjmuseum.com/cpwx/%E5%8D%97%E4%BA%AC%E5%8E%86%E4%BB%A3%E4%BA%91%E9%94%A6%E5%8D%9A%E7%89%A9%E9%A6%86%E8%97%8F%E5%93%81%E5%AE%A4%EF%BC%9A%E9%9D%9E%E4%BA%91%E9%94%A6%E7%B1%BB1%EF%BC%9A1028%E5%A5%97.pdf,http://www.yjmuseum.com/cpwx/%E5%8D%97%E4%BA%AC%E5%8E%86%E4%BB%A3%E4%BA%91%E9%94%A6%E5%8D%9A%E7%89%A9%E9%A6%86%E8%97%8F%E5%93%81%E5%AE%A4%EF%BC%9A%E9%9D%9E%E4%BA%91%E9%94%A6%E7%B1%BB1%EF%BC%9A1028%E5%A5%97.pdf#page=11,南京历代云锦博物馆藏品室：非云锦类1：1028套,20世纪80年代土家织锦狮头花提包,YBCKE000000900,南京历代云锦博物馆藏品室：非云锦类1：1028套；本对象官网原始名称明确含“锦”,南京历代云锦博物馆藏品室：非云锦类1：1028套；本对象官网原始名称明确含“锦”；清册原始行：61 | YBCKE000000900 | 20世纪80年代土家织锦狮头花提包 | 20世纪80年代 | 织绣 | 征集购买 | 1 |  | ,2026-09-03,false,other_brocade,high,,,other_brocade_YBCKE000000900.png,data/official/evidence/catalog_pages/non_yunjin_page_011.png,data/official/model_images_candidates/other_brocade/other_brocade_YBCKE000000900.png,unknown,Copyright1990-2024 www.71nc.com 版权所有：南京云锦研究所有限公司 苏ICP备12069451号,60,80,true,false,low_for_extracted_thumbnail;manual_review_required,true,false,reference,2282bedb5763403e6aa4a39f79325c812a19a80abc8358fc84d3545434039944,官网清册提供可靠类别证据；授权未确认，因此不进入训练集。
official_non_yunjin_YBCKE000001000,official_non_yunjin_YBCKE000001000,official_catalog_pdf,南京历代云锦博物馆藏品室：非云锦类1：1028套,http://www.yjmuseum.com/cpwx/%E5%8D%97%E4%BA%AC%E5%8E%86%E4%BB%A3%E4%BA%91%E9%94%A6%E5%8D%9A%E7%89%A9%E9%A6%86%E8%97%8F%E5%93%81%E5%AE%A4%EF%BC%9A%E9%9D%9E%E4%BA%91%E9%94%A6%E7%B1%BB1%EF%BC%9A1028%E5%A5%97.pdf,http://www.yjmuseum.com/cpwx/%E5%8D%97%E4%BA%AC%E5%8E%86%E4%BB%A3%E4%BA%91%E9%94%A6%E5%8D%9A%E7%89%A9%E9%A6%86%E8%97%8F%E5%93%81%E5%AE%A4%EF%BC%9A%E9%9D%9E%E4%BA%91%E9%94%A6%E7%B1%BB1%EF%BC%9A1028%E5%A5%97.pdf#page=11,南京历代云锦博物馆藏品室：非云锦类1：1028套,20世纪80年代土家锦传统纹《四十八勾花》,YBCKE000001000,南京历代云锦博物馆藏品室：非云锦类1：1028套；本对象官网原始名称明确含“锦”,南京历代云锦博物馆藏品室：非云锦类1：1028套；本对象官网原始名称明确含“锦”；清册原始行：62 | YBCKE000001000 | 20世纪80年代土家锦传统纹《四十八勾花》 | 20世纪80年代 | 织绣 | 征集购买 | 1 |  | ,2026-09-03,false,other_brocade,high,,,other_brocade_YBCKE000001000.png,data/official/evidence/catalog_pages/non_yunjin_page_011.png,data/official/model_images_candidates/other_brocade/other_brocade_YBCKE000001000.png,unknown,Copyright1990-2024 www.71nc.com 版权所有：南京云锦研究所有限公司 苏ICP备12069451号,60,80,true,false,low_for_extracted_thumbnail;manual_review_required,true,false,reference,b07ce9f205f801d03c5c00ab3132358e78a6139afec8d4a9eb37c09ef8b4b91c,官网清册提供可靠类别证据；授权未确认，因此不进入训练集。
official_non_yunjin_YBCKE000001100,official_non_yunjin_YBCKE000001100,official_catalog_pdf,南京历代云锦博物馆藏品室：非云锦类1：1028套,http://www.yjmuseum.com/cpwx/%E5%8D%97%E4%BA%AC%E5%8E%86%E4%BB%A3%E4%BA%91%E9%94%A6%E5%8D%9A%E7%89%A9%E9%A6%86%E8%97%8F%E5%93%81%E5%AE%A4%EF%BC%9A%E9%9D%9E%E4%BA%91%E9%94%A6%E7%B1%BB1%EF%BC%9A1028%E5%A5%97.pdf,http://www.yjmuseum.com/cpwx/%E5%8D%97%E4%BA%AC%E5%8E%86%E4%BB%A3%E4%BA%91%E9%94%A6%E5%8D%9A%E7%89%A9%E9%A6%86%E8%97%8F%E5%93%81%E5%AE%A4%EF%BC%9A%E9%9D%9E%E4%BA%91%E9%94%A6%E7%B1%BB1%EF%BC%9A1028%E5%A5%97.pdf#page=11,南京历代云锦博物馆藏品室：非云锦类1：1028套,20世纪80年代土家族几何纹织锦挎袋（三）,YBCKE000001100,南京历代云锦博物馆藏品室：非云锦类1：1028套；本对象官网原始名称明确含“锦”,南京历代云锦博物馆藏品室：非云锦类1：1028套；本对象官网原始名称明确含“锦”；清册原始行：64 | YBCKE000001100 | 20世纪80年代土家族几何纹织锦挎袋（三） | 20世纪80年代 | 织绣 | 征集购买 | 1 |  | ,2026-09-03,false,other_brocade,high,,,other_brocade_YBCKE000001100.png,data/official/evidence/catalog_pages/non_yunjin_page_011.png,data/official/model_images_candidates/other_brocade/other_brocade_YBCKE000001100.png,unknown,Copyright1990-2024 www.71nc.com 版权所有：南京云锦研究所有限公司 苏ICP备12069451号,60,80,true,false,low_for_extracted_thumbnail;manual_review_required,true,false,reference,865ab3245ace1896cfc015918de6d7da820d26fd3321bb51b25e38cf2b62807c,官网清册提供可靠类别证据；授权未确认，因此不进入训练集。
official_non_yunjin_YBCKE000001300,official_non_yunjin_YBCKE000001300,official_catalog_pdf,南京历代云锦博物馆藏品室：非云锦类1：1028套,http://www.yjmuseum.com/cpwx/%E5%8D%97%E4%BA%AC%E5%8E%86%E4%BB%A3%E4%BA%91%E9%94%A6%E5%8D%9A%E7%89%A9%E9%A6%86%E8%97%8F%E5%93%81%E5%AE%A4%EF%BC%9A%E9%9D%9E%E4%BA%91%E9%94%A6%E7%B1%BB1%EF%BC%9A1028%E5%A5%97.pdf,http://www.yjmuseum.com/cpwx/%E5%8D%97%E4%BA%AC%E5%8E%86%E4%BB%A3%E4%BA%91%E9%94%A6%E5%8D%9A%E7%89%A9%E9%A6%86%E8%97%8F%E5%93%81%E5%AE%A4%EF%BC%9A%E9%9D%9E%E4%BA%91%E9%94%A6%E7%B1%BB1%EF%BC%9A1028%E5%A5%97.pdf#page=12,南京历代云锦博物馆藏品室：非云锦类1：1028套,20世纪80年代土家锦几何纹小钱包,YBCKE000001300,南京历代云锦博物馆藏品室：非云锦类1：1028套；本对象官网原始名称明确含“锦”,南京历代云锦博物馆藏品室：非云锦类1：1028套；本对象官网原始名称明确含“锦”；清册原始行：66 | YBCKE000001300 | 20世纪80年代土家锦几何纹小钱包 | 20世纪80年代 | 织绣 | 征集购买 | 1 |  | ,2026-09-03,false,other_brocade,high,,,other_brocade_YBCKE000001300.png,data/official/evidence/catalog_pages/non_yunjin_page_012.png,data/official/model_images_candidates/other_brocade/other_brocade_YBCKE000001300.png,unknown,Copyright1990-2024 www.71nc.com 版权所有：南京云锦研究所有限公司 苏ICP备12069451号,107,80,true,false,low_for_extracted_thumbnail;manual_review_required,true,false,reference,1c5adf9ffde8dbd9fd7097f2a653e0eb9915902b9308b3f64c9bfaf01c063678,官网清册提供可靠类别证据；授权未确认，因此不进入训练集。
official_non_yunjin_YBCXF000001800,official_non_yunjin_YBCXF000001800,official_catalog_pdf,南京历代云锦博物馆藏品室：非云锦类1：1028套,http://www.yjmuseum.com/cpwx/%E5%8D%97%E4%BA%AC%E5%8E%86%E4%BB%A3%E4%BA%91%E9%94%A6%E5%8D%9A%E7%89%A9%E9%A6%86%E8%97%8F%E5%93%81%E5%AE%A4%EF%BC%9A%E9%9D%9E%E4%BA%91%E9%94%A6%E7%B1%BB1%EF%BC%9A1028%E5%A5%97.pdf,http://www.yjmuseum.com/cpwx/%E5%8D%97%E4%BA%AC%E5%8E%86%E4%BB%A3%E4%BA%91%E9%94%A6%E5%8D%9A%E7%89%A9%E9%A6%86%E8%97%8F%E5%93%81%E5%AE%A4%EF%BC%9A%E9%9D%9E%E4%BA%91%E9%94%A6%E7%B1%BB1%EF%BC%9A1028%E5%A5%97.pdf#page=15,南京历代云锦博物馆藏品室：非云锦类1：1028套,20世纪70年代艺新丝织厂红地教堂葡萄锦,YBCXF000001800,南京历代云锦博物馆藏品室：非云锦类1：1028套；本对象官网原始名称明确含“锦”,南京历代云锦博物馆藏品室：非云锦类1：1028套；本对象官网原始名称明确含“锦”；清册原始行：84 | YBCXF000001800 | 20世纪70年代艺新丝织厂红地教堂葡萄锦 | 20世纪70年代 | 织绣 | 自主研发 | 1 |  | ,2026-09-03,false,other_brocade,high,,,other_brocade_YBCXF000001800.png,data/official/evidence/catalog_pages/non_yunjin_page_015.png,data/official/model_images_candidates/other_brocade/other_brocade_YBCXF000001800.png,unknown,Copyright1990-2024 www.71nc.com 版权所有：南京云锦研究所有限公司 苏ICP备12069451号,200,150,true,false,low_for_extracted_thumbnail;manual_review_required,true,false,reference,025f003f029e5b66798727be22bdfbc665024d412465ef14fc2fd38560a0ab1b,官网清册提供可靠类别证据；授权未确认，因此不进入训练集。
official_non_yunjin_YBCXF000005700,official_non_yunjin_YBCXF000005700,official_catalog_pdf,南京历代云锦博物馆藏品室：非云锦类1：1028套,http://www.yjmuseum.com/cpwx/%E5%8D%97%E4%BA%AC%E5%8E%86%E4%BB%A3%E4%BA%91%E9%94%A6%E5%8D%9A%E7%89%A9%E9%A6%86%E8%97%8F%E5%93%81%E5%AE%A4%EF%BC%9A%E9%9D%9E%E4%BA%91%E9%94%A6%E7%B1%BB1%EF%BC%9A1028%E5%A5%97.pdf,http://www.yjmuseum.com/cpwx/%E5%8D%97%E4%BA%AC%E5%8E%86%E4%BB%A3%E4%BA%91%E9%94%A6%E5%8D%9A%E7%89%A9%E9%A6%86%E8%97%8F%E5%93%81%E5%AE%A4%EF%BC%9A%E9%9D%9E%E4%BA%91%E9%94%A6%E7%B1%BB1%EF%BC%9A1028%E5%A5%97.pdf#page=21,南京历代云锦博物馆藏品室：非云锦类1：1028套,20世纪70年代艺新丝织厂蝴蝶锦天鹅绒毯,YBCXF000005700,南京历代云锦博物馆藏品室：非云锦类1：1028套；本对象官网原始名称明确含“锦”,南京历代云锦博物馆藏品室：非云锦类1：1028套；本对象官网原始名称明确含“锦”；清册原始行：123 | YBCXF000005700 | 20世纪70年代艺新丝织厂蝴蝶锦天鹅绒毯 | 20世纪70年代 | 织绣 | 自主研发 | 1 |  | ,2026-09-03,false,other_brocade,high,,,other_brocade_YBCXF000005700.png,data/official/evidence/catalog_pages/non_yunjin_page_021.png,data/official/model_images_candidates/other_brocade/other_brocade_YBCXF000005700.png,unknown,Copyright1990-2024 www.71nc.com 版权所有：南京云锦研究所有限公司 苏ICP备12069451号,200,150,true,false,low_for_extracted_thumbnail;manual_review_required,true,false,reference,9455e9fd69f83986216b21112ddca65177f54aceed6b589997d199b29295cf66,官网清册提供可靠类别证据；授权未确认，因此不进入训练集。
official_non_yunjin_YBCCD000000100,official_non_yunjin_YBCCD000000100,official_catalog_pdf,南京历代云锦博物馆藏品室：非云锦类1：1028套,http://www.yjmuseum.com/cpwx/%E5%8D%97%E4%BA%AC%E5%8E%86%E4%BB%A3%E4%BA%91%E9%94%A6%E5%8D%9A%E7%89%A9%E9%A6%86%E8%97%8F%E5%93%81%E5%AE%A4%EF%BC%9A%E9%9D%9E%E4%BA%91%E9%94%A6%E7%B1%BB1%EF%BC%9A1028%E5%A5%97.pdf,http://www.yjmuseum.com/cpwx/%E5%8D%97%E4%BA%AC%E5%8E%86%E4%BB%A3%E4%BA%91%E9%94%A6%E5%8D%9A%E7%89%A9%E9%A6%86%E8%97%8F%E5%93%81%E5%AE%A4%EF%BC%9A%E9%9D%9E%E4%BA%91%E9%94%A6%E7%B1%BB1%EF%BC%9A1028%E5%A5%97.pdf#page=28,南京历代云锦博物馆藏品室：非云锦类1：1028套,20世纪70年代贵州苗锦头帕,YBCCD000000100,南京历代云锦博物馆藏品室：非云锦类1：1028套；本对象官网原始名称明确含“锦”,南京历代云锦博物馆藏品室：非云锦类1：1028套；本对象官网原始名称明确含“锦”；清册原始行：166 | YBCCD000000100 | 20世纪70年代贵州苗锦头帕 | 20世纪70年代 | 织绣 | 征集购买 | 1 |  | ,2026-09-03,false,other_brocade,high,,,other_brocade_YBCCD000000100.png,data/official/evidence/catalog_pages/non_yunjin_page_028.png,data/official/model_images_candidates/other_brocade/other_brocade_YBCCD000000100.png,unknown,Copyright1990-2024 www.71nc.com 版权所有：南京云锦研究所有限公司 苏ICP备12069451号,80,60,true,false,low_for_extracted_thumbnail;manual_review_required,true,false,reference,1533b5f0876d78816005c9e89bbb7eec77c3a1d09325d985612f400bd32b3aee,官网清册提供可靠类别证据；授权未确认，因此不进入训练集。
official_non_yunjin_YBCKC000000300,official_non_yunjin_YBCKC000000300,official_catalog_pdf,南京历代云锦博物馆藏品室：非云锦类1：1028套,http://www.yjmuseum.com/cpwx/%E5%8D%97%E4%BA%AC%E5%8E%86%E4%BB%A3%E4%BA%91%E9%94%A6%E5%8D%9A%E7%89%A9%E9%A6%86%E8%97%8F%E5%93%81%E5%AE%A4%EF%BC%9A%E9%9D%9E%E4%BA%91%E9%94%A6%E7%B1%BB1%EF%BC%9A1028%E5%A5%97.pdf,http://www.yjmuseum.com/cpwx/%E5%8D%97%E4%BA%AC%E5%8E%86%E4%BB%A3%E4%BA%91%E9%94%A6%E5%8D%9A%E7%89%A9%E9%A6%86%E8%97%8F%E5%93%81%E5%AE%A4%EF%BC%9A%E9%9D%9E%E4%BA%91%E9%94%A6%E7%B1%BB1%EF%BC%9A1028%E5%A5%97.pdf#page=33,南京历代云锦博物馆藏品室：非云锦类1：1028套,20世纪60年代广西壮锦围巾,YBCKC000000300,南京历代云锦博物馆藏品室：非云锦类1：1028套；本对象官网原始名称明确含“锦”,南京历代云锦博物馆藏品室：非云锦类1：1028套；本对象官网原始名称明确含“锦”；清册原始行：192 | YBCKC000000300 | 20世纪60年代广西壮锦围巾 | 20世纪60年代 | 织绣 | 征集购买 | 1 |  | ,2026-09-03,false,other_brocade,high,,,other_brocade_YBCKC000000300.png,data/official/evidence/catalog_pages/non_yunjin_page_033.png,data/official/model_images_candidates/other_brocade/other_brocade_YBCKC000000300.png,unknown,Copyright1990-2024 www.71nc.com 版权所有：南京云锦研究所有限公司 苏ICP备12069451号,103,60,true,false,low_for_extracted_thumbnail;manual_review_required,true,false,reference,523f756ddb0295af31239838b6b6a32f212f21ccc67f4c0b6e7d5350f350eea1,官网清册提供可靠类别证据；授权未确认，因此不进入训练集。
official_non_yunjin_YBCCC000002700,official_non_yunjin_YBCCC000002700,official_catalog_pdf,南京历代云锦博物馆藏品室：非云锦类1：1028套,http://www.yjmuseum.com/cpwx/%E5%8D%97%E4%BA%AC%E5%8E%86%E4%BB%A3%E4%BA%91%E9%94%A6%E5%8D%9A%E7%89%A9%E9%A6%86%E8%97%8F%E5%93%81%E5%AE%A4%EF%BC%9A%E9%9D%9E%E4%BA%91%E9%94%A6%E7%B1%BB1%EF%BC%9A1028%E5%A5%97.pdf,http://www.yjmuseum.com/cpwx/%E5%8D%97%E4%BA%AC%E5%8E%86%E4%BB%A3%E4%BA%91%E9%94%A6%E5%8D%9A%E7%89%A9%E9%A6%86%E8%97%8F%E5%93%81%E5%AE%A4%EF%BC%9A%E9%9D%9E%E4%BA%91%E9%94%A6%E7%B1%BB1%EF%BC%9A1028%E5%A5%97.pdf#page=33,南京历代云锦博物馆藏品室：非云锦类1：1028套,20世纪60年代长条苗锦头帕,YBCCC000002700,南京历代云锦博物馆藏品室：非云锦类1：1028套；本对象官网原始名称明确含“锦”,南京历代云锦博物馆藏品室：非云锦类1：1028套；本对象官网原始名称明确含“锦”；清册原始行：193 | YBCCC000002700 | 20世纪60年代长条苗锦头帕 | 20世纪60年代 | 织绣 | 征集购买 | 1 |  | ,2026-09-03,false,other_brocade,high,,,other_brocade_YBCCC000002700.png,data/official/evidence/catalog_pages/non_yunjin_page_033.png,data/official/model_images_candidates/other_brocade/other_brocade_YBCCC000002700.png,unknown,Copyright1990-2024 www.71nc.com 版权所有：南京云锦研究所有限公司 苏ICP备12069451号,125,60,true,false,low_for_extracted_thumbnail;manual_review_required,true,false,reference,979677d4d461b7a6e1f8e48f818c758f66cb16f2234bc1aabecca9fe3f59fd43,官网清册提供可靠类别证据；授权未确认，因此不进入训练集。
official_non_yunjin_YBCDC000000100,official_non_yunjin_YBCDC000000100,official_catalog_pdf,南京历代云锦博物馆藏品室：非云锦类1：1028套,http://www.yjmuseum.com/cpwx/%E5%8D%97%E4%BA%AC%E5%8E%86%E4%BB%A3%E4%BA%91%E9%94%A6%E5%8D%9A%E7%89%A9%E9%A6%86%E8%97%8F%E5%93%81%E5%AE%A4%EF%BC%9A%E9%9D%9E%E4%BA%91%E9%94%A6%E7%B1%BB1%EF%BC%9A1028%E5%A5%97.pdf,http://www.yjmuseum.com/cpwx/%E5%8D%97%E4%BA%AC%E5%8E%86%E4%BB%A3%E4%BA%91%E9%94%A6%E5%8D%9A%E7%89%A9%E9%A6%86%E8%97%8F%E5%93%81%E5%AE%A4%EF%BC%9A%E9%9D%9E%E4%BA%91%E9%94%A6%E7%B1%BB1%EF%BC%9A1028%E5%A5%97.pdf#page=33,南京历代云锦博物馆藏品室：非云锦类1：1028套,20世纪60年代广西壮锦披巾,YBCDC000000100,南京历代云锦博物馆藏品室：非云锦类1：1028套；本对象官网原始名称明确含“锦”,南京历代云锦博物馆藏品室：非云锦类1：1028套；本对象官网原始名称明确含“锦”；清册原始行：194 | YBCDC000000100 | 20世纪60年代广西壮锦披巾 | 20世纪60年代 | 织绣 | 征集购买 | 1 |  | ,2026-09-03,false,other_brocade,high,,,other_brocade_YBCDC000000100.png,data/official/evidence/catalog_pages/non_yunjin_page_033.png,data/official/model_images_candidates/other_brocade/other_brocade_YBCDC000000100.png,unknown,Copyright1990-2024 www.71nc.com 版权所有：南京云锦研究所有限公司 苏ICP备12069451号,107,80,true,false,low_for_extracted_thumbnail;manual_review_required,true,false,reference,5fddd6a900236d17423335b27ff7a1321cf8d244ef3654d6ba60b78ff11cdbe4,官网清册提供可靠类别证据；授权未确认，因此不进入训练集。
official_non_yunjin_YBCCC000002800,official_non_yunjin_YBCCC000002800,official_catalog_pdf,南京历代云锦博物馆藏品室：非云锦类1：1028套,http://www.yjmuseum.com/cpwx/%E5%8D%97%E4%BA%AC%E5%8E%86%E4%BB%A3%E4%BA%91%E9%94%A6%E5%8D%9A%E7%89%A9%E9%A6%86%E8%97%8F%E5%93%81%E5%AE%A4%EF%BC%9A%E9%9D%9E%E4%BA%91%E9%94%A6%E7%B1%BB1%EF%BC%9A1028%E5%A5%97.pdf,http://www.yjmuseum.com/cpwx/%E5%8D%97%E4%BA%AC%E5%8E%86%E4%BB%A3%E4%BA%91%E9%94%A6%E5%8D%9A%E7%89%A9%E9%A6%86%E8%97%8F%E5%93%81%E5%AE%A4%EF%BC%9A%E9%9D%9E%E4%BA%91%E9%94%A6%E7%B1%BB1%EF%BC%9A1028%E5%A5%97.pdf#page=33,南京历代云锦博物馆藏品室：非云锦类1：1028套,20世纪60年代苗锦条纹围巾,YBCCC000002800,南京历代云锦博物馆藏品室：非云锦类1：1028套；本对象官网原始名称明确含“锦”,南京历代云锦博物馆藏品室：非云锦类1：1028套；本对象官网原始名称明确含“锦”；清册原始行：195 | YBCCC000002800 | 20世纪60年代苗锦条纹围巾 | 20世纪60年代 | 织绣 | 征集购买 | 1 |  | ,2026-09-03,false,other_brocade,high,,,other_brocade_YBCCC000002800.png,data/official/evidence/catalog_pages/non_yunjin_page_033.png,data/official/model_images_candidates/other_brocade/other_brocade_YBCCC000002800.png,unknown,Copyright1990-2024 www.71nc.com 版权所有：南京云锦研究所有限公司 苏ICP备12069451号,103,80,true,false,low_for_extracted_thumbnail;manual_review_required,true,false,reference,edc1f386985f02d303b463684f8ccd9ed6816a1c055a2d3c9d6ed1599a406203,官网清册提供可靠类别证据；授权未确认，因此不进入训练集。
web_fine_art_001,web_fine_art_001,official_webpage,官网网页栏目,http://www.yjmuseum.com/ysjp/ysjp.html,http://www.yjmuseum.com/ysjp/ysjp.html,艺术精品-国礼典藏-南京云锦博物馆,万寿中华屏风,,艺术精品栏目说明明确称南京云锦研究所出品的云锦艺术品，并逐项列出作品名。,艺术精品栏目说明明确称南京云锦研究所出品的云锦艺术品，并逐项列出作品名。 官网原始名称：万寿中华屏风,2026-09-03,true,nanjing_yunjin,high,,寿,20240305014129.png,data/official/evidence/webpage_screenshots/fine_art.png,data/official/web_images/fine_art/20240305014129.png,unknown,Copyright1990-2024 www.71nc.com 版权所有：南京云锦研究所有限公司 苏ICP备12069451号,632,469,true,true,low_content_inscription_present;manual_review_required,true,false,reference,9e079534ae803032023dd5723112adfbaee2ae179df0bc7287dd98680974ef8b,主体图与网页证据分离保存；授权未确认，因此不进入训练集。
web_fine_art_002,web_fine_art_002,official_webpage,官网网页栏目,http://www.yjmuseum.com/ysjp/ysjp.html,http://www.yjmuseum.com/ysjp/ysjp.html,艺术精品-国礼典藏-南京云锦博物馆,南都繁绘图,,艺术精品栏目说明明确称南京云锦研究所出品的云锦艺术品，并逐项列出作品名。,艺术精品栏目说明明确称南京云锦研究所出品的云锦艺术品，并逐项列出作品名。 官网原始名称：南都繁绘图,2026-09-03,true,nanjing_yunjin,high,,,20240305014138.png,data/official/evidence/webpage_screenshots/fine_art.png,data/official/web_images/fine_art/20240305014138.png,unknown,Copyright1990-2024 www.71nc.com 版权所有：南京云锦研究所有限公司 苏ICP备12069451号,1618,183,true,false,low_content_inscription_present;manual_review_required,true,false,reference,01dbc7a139e3dacdb2c661c9c79e8b2c43971c88538e8438b5c2ea495d74d13e,主体图与网页证据分离保存；授权未确认，因此不进入训练集。
web_fine_art_003,web_fine_art_003,official_webpage,官网网页栏目,http://www.yjmuseum.com/ysjp/ysjp.html,http://www.yjmuseum.com/ysjp/ysjp.html,艺术精品-国礼典藏-南京云锦博物馆,三世佛,,艺术精品栏目说明明确称南京云锦研究所出品的云锦艺术品，并逐项列出作品名。,艺术精品栏目说明明确称南京云锦研究所出品的云锦艺术品，并逐项列出作品名。 官网原始名称：三世佛,2026-09-03,true,nanjing_yunjin,high,,,20240305014149.png,data/official/evidence/webpage_screenshots/fine_art.png,data/official/web_images/fine_art/20240305014149.png,unknown,Copyright1990-2024 www.71nc.com 版权所有：南京云锦研究所有限公司 苏ICP备12069451号,700,467,true,true,low_content_inscription_present;manual_review_required,true,false,reference,f263ff5b8146fc8a573cb12cf0a64f51df5db30833a36fb45218132d00d15987,主体图与网页证据分离保存；授权未确认，因此不进入训练集。
web_fine_art_004,web_fine_art_004,official_webpage,官网网页栏目,http://www.yjmuseum.com/ysjp/ysjp.html,http://www.yjmuseum.com/ysjp/ysjp.html,艺术精品-国礼典藏-南京云锦博物馆,蒙娜丽莎,,艺术精品栏目说明明确称南京云锦研究所出品的云锦艺术品，并逐项列出作品名。,艺术精品栏目说明明确称南京云锦研究所出品的云锦艺术品，并逐项列出作品名。 官网原始名称：蒙娜丽莎,2026-09-03,true,nanjing_yunjin,high,,,20240305014158.png,data/official/evidence/webpage_screenshots/fine_art.png,data/official/web_images/fine_art/20240305014158.png,unknown,Copyright1990-2024 www.71nc.com 版权所有：南京云锦研究所有限公司 苏ICP备12069451号,342,475,true,true,low_content_inscription_present;manual_review_required,true,false,reference,1bf28a20211b0206b90ffb26a9af1f69aa844addf38ff50bde9ca9c0751c4ccf,主体图与网页证据分离保存；授权未确认，因此不进入训练集。
web_fine_art_005,web_fine_art_005,official_webpage,官网网页栏目,http://www.yjmuseum.com/ysjp/ysjp.html,http://www.yjmuseum.com/ysjp/ysjp.html,艺术精品-国礼典藏-南京云锦博物馆,鸿雁,,艺术精品栏目说明明确称南京云锦研究所出品的云锦艺术品，并逐项列出作品名。,艺术精品栏目说明明确称南京云锦研究所出品的云锦艺术品，并逐项列出作品名。 官网原始名称：鸿雁,2026-09-03,true,nanjing_yunjin,high,,,20240308121701.png,data/official/evidence/webpage_screenshots/fine_art.png,data/official/web_images/fine_art/20240308121701.png,unknown,Copyright1990-2024 www.71nc.com 版权所有：南京云锦研究所有限公司 苏ICP备12069451号,1045,533,true,true,low_content_inscription_present;manual_review_required,true,false,reference,a5d412d348000babae01e4c8fd61e4ce3d237fe1e049026d291b0f28816645a2,主体图与网页证据分离保存；授权未确认，因此不进入训练集。
web_fine_art_006,web_fine_art_006,official_webpage,官网网页栏目,http://www.yjmuseum.com/ysjp/ysjp.html,http://www.yjmuseum.com/ysjp/ysjp.html,艺术精品-国礼典藏-南京云锦博物馆,松龄鹤寿（金宝地）,,艺术精品栏目说明明确称南京云锦研究所出品的云锦艺术品，并逐项列出作品名。,艺术精品栏目说明明确称南京云锦研究所出品的云锦艺术品，并逐项列出作品名。 官网原始名称：松龄鹤寿（金宝地）,2026-09-03,true,nanjing_yunjin,high,,鹤;寿,20240308121739.jpg,data/official/evidence/webpage_screenshots/fine_art.png,data/official/web_images/fine_art/20240308121739.jpg,unknown,Copyright1990-2024 www.71nc.com 版权所有：南京云锦研究所有限公司 苏ICP备12069451号,2704,1285,true,true,low_content_inscription_present;manual_review_required,true,false,reference,f35b56c7ce469aed925c2fb0dba7abffc7397c6ce8f49c3d9853cee0cda73de3,主体图与网页证据分离保存；授权未确认，因此不进入训练集。
web_fine_art_007,web_fine_art_007,official_webpage,官网网页栏目,http://www.yjmuseum.com/ysjp/ysjp.html,http://www.yjmuseum.com/ysjp/ysjp.html,艺术精品-国礼典藏-南京云锦博物馆,从北京到巴黎-中法交流特别荣誉《海屋朝鹤》,,艺术精品栏目说明明确称南京云锦研究所出品的云锦艺术品，并逐项列出作品名。,艺术精品栏目说明明确称南京云锦研究所出品的云锦艺术品，并逐项列出作品名。 官网原始名称：从北京到巴黎-中法交流特别荣誉《海屋朝鹤》,2026-09-03,true,nanjing_yunjin,high,,鹤,20241012023355.png,data/official/evidence/webpage_screenshots/fine_art.png,data/official/web_images/fine_art/20241012023355.png,unknown,Copyright1990-2024 www.71nc.com 版权所有：南京云锦研究所有限公司 苏ICP备12069451号,1080,1590,true,true,low_content_inscription_present;manual_review_required,true,false,reference,c2149dcd5eb05b9367fa3c36bc8c97ddbb82aafcb57393030a90c94774b4c441,主体图与网页证据分离保存；授权未确认，因此不进入训练集。
web_world_001,web_world_001,official_webpage,官网网页栏目,http://www.yjmuseum.com/cpwx/detail2.html,http://www.yjmuseum.com/cpwx/detail2.html,藏品文修-世界织锦-南京云锦博物馆,泰国锦片01,,“世界织锦”栏目逐项原名明确标注泰国锦、埃及织锦或土耳其织锦。,“世界织锦”栏目逐项原名明确标注泰国锦、埃及织锦或土耳其织锦。 官网原始名称：泰国锦片01,2026-09-03,false,other_brocade,high,,,Top_20240205044032.png,data/official/evidence/webpage_screenshots/world_tapestry.png,data/official/web_images/world_tapestry/Top_20240205044032.png,unknown,Copyright1990-2024 www.71nc.com 版权所有：南京云锦研究所有限公司 苏ICP备12069451号,518,729,true,true,medium_source_card_or_inventory_mark_visible;manual_review_required,true,false,reference,de53a517ac36b2b3e15f5c42e1b676289aacd18bf3676f9b30e6ce72959b9277,主体图与网页证据分离保存；授权未确认，因此不进入训练集。
web_world_002,web_world_002,official_webpage,官网网页栏目,http://www.yjmuseum.com/cpwx/detail2.html,http://www.yjmuseum.com/cpwx/detail2.html,藏品文修-世界织锦-南京云锦博物馆,泰国锦片02,,“世界织锦”栏目逐项原名明确标注泰国锦、埃及织锦或土耳其织锦。,“世界织锦”栏目逐项原名明确标注泰国锦、埃及织锦或土耳其织锦。 官网原始名称：泰国锦片02,2026-09-03,false,other_brocade,high,,,Top_20240205044145.png,data/official/evidence/webpage_screenshots/world_tapestry.png,data/official/web_images/world_tapestry/Top_20240205044145.png,unknown,Copyright1990-2024 www.71nc.com 版权所有：南京云锦研究所有限公司 苏ICP备12069451号,518,729,true,true,medium_source_card_or_inventory_mark_visible;manual_review_required,true,false,reference,509ff6e41540868c05b9218e7b6dd85e491093f7d9729efdc153581858b1d019,主体图与网页证据分离保存；授权未确认，因此不进入训练集。
web_world_003,web_world_003,official_webpage,官网网页栏目,http://www.yjmuseum.com/cpwx/detail2.html,http://www.yjmuseum.com/cpwx/detail2.html,藏品文修-世界织锦-南京云锦博物馆,泰国锦片03,,“世界织锦”栏目逐项原名明确标注泰国锦、埃及织锦或土耳其织锦。,“世界织锦”栏目逐项原名明确标注泰国锦、埃及织锦或土耳其织锦。 官网原始名称：泰国锦片03,2026-09-03,false,other_brocade,high,,,Top_20240205044303.png,data/official/evidence/webpage_screenshots/world_tapestry.png,data/official/web_images/world_tapestry/Top_20240205044303.png,unknown,Copyright1990-2024 www.71nc.com 版权所有：南京云锦研究所有限公司 苏ICP备12069451号,518,729,true,true,medium_source_card_or_inventory_mark_visible;manual_review_required,true,false,reference,6d55d0756d6b4934967f014b95b1fc2054bd436a1298fef6a4ae38b1f208af64,主体图与网页证据分离保存；授权未确认，因此不进入训练集。
web_world_004,web_world_004,official_webpage,官网网页栏目,http://www.yjmuseum.com/cpwx/detail2.html,http://www.yjmuseum.com/cpwx/detail2.html,藏品文修-世界织锦-南京云锦博物馆,泰国锦片04,,“世界织锦”栏目逐项原名明确标注泰国锦、埃及织锦或土耳其织锦。,“世界织锦”栏目逐项原名明确标注泰国锦、埃及织锦或土耳其织锦。 官网原始名称：泰国锦片04,2026-09-03,false,other_brocade,high,,,Top_20240205044416.png,data/official/evidence/webpage_screenshots/world_tapestry.png,data/official/web_images/world_tapestry/Top_20240205044416.png,unknown,Copyright1990-2024 www.71nc.com 版权所有：南京云锦研究所有限公司 苏ICP备12069451号,518,729,true,true,medium_source_card_or_inventory_mark_visible;manual_review_required,true,false,reference,844ed30e1acecc292e1d24ccc411163f2be649bdff3747c990b02583ad8ff268,主体图与网页证据分离保存；授权未确认，因此不进入训练集。
web_world_005,web_world_005,official_webpage,官网网页栏目,http://www.yjmuseum.com/cpwx/detail2.html,http://www.yjmuseum.com/cpwx/detail2.html,藏品文修-世界织锦-南京云锦博物馆,绿地埃及织锦靠垫,,“世界织锦”栏目逐项原名明确标注泰国锦、埃及织锦或土耳其织锦。,“世界织锦”栏目逐项原名明确标注泰国锦、埃及织锦或土耳其织锦。 官网原始名称：绿地埃及织锦靠垫,2026-09-03,false,other_brocade,high,,,Top_20240205044649.png,data/official/evidence/webpage_screenshots/world_tapestry.png,data/official/web_images/world_tapestry/Top_20240205044649.png,unknown,Copyright1990-2024 www.71nc.com 版权所有：南京云锦研究所有限公司 苏ICP备12069451号,518,729,true,true,medium_source_card_or_inventory_mark_visible;manual_review_required,true,false,reference,ef2050b47d8da509893cc105dc78a09534949834eebc3ee414a79326c9ed0344,主体图与网页证据分离保存；授权未确认，因此不进入训练集。
web_world_006,web_world_006,official_webpage,官网网页栏目,http://www.yjmuseum.com/cpwx/detail2.html,http://www.yjmuseum.com/cpwx/detail2.html,藏品文修-世界织锦-南京云锦博物馆,黑地埃及织锦靠垫,,“世界织锦”栏目逐项原名明确标注泰国锦、埃及织锦或土耳其织锦。,“世界织锦”栏目逐项原名明确标注泰国锦、埃及织锦或土耳其织锦。 官网原始名称：黑地埃及织锦靠垫,2026-09-03,false,other_brocade,high,,,Top_20240205044746.png,data/official/evidence/webpage_screenshots/world_tapestry.png,data/official/web_images/world_tapestry/Top_20240205044746.png,unknown,Copyright1990-2024 www.71nc.com 版权所有：南京云锦研究所有限公司 苏ICP备12069451号,518,729,true,true,medium_source_card_or_inventory_mark_visible;manual_review_required,true,false,reference,e1da6a37264b7c904a1a5db176e7fb8db5f0aa92b3132d628eee2f9240143eaa,主体图与网页证据分离保存；授权未确认，因此不进入训练集。
web_world_007,web_world_007,official_webpage,官网网页栏目,http://www.yjmuseum.com/cpwx/detail2.html,http://www.yjmuseum.com/cpwx/detail2.html,藏品文修-世界织锦-南京云锦博物馆,埃及织锦骆驼挂毯,,“世界织锦”栏目逐项原名明确标注泰国锦、埃及织锦或土耳其织锦。,“世界织锦”栏目逐项原名明确标注泰国锦、埃及织锦或土耳其织锦。 官网原始名称：埃及织锦骆驼挂毯,2026-09-03,false,other_brocade,high,,,Top_20240205044906.png,data/official/evidence/webpage_screenshots/world_tapestry.png,data/official/web_images/world_tapestry/Top_20240205044906.png,unknown,Copyright1990-2024 www.71nc.com 版权所有：南京云锦研究所有限公司 苏ICP备12069451号,518,729,true,true,medium_source_card_or_inventory_mark_visible;manual_review_required,true,false,reference,a26a3e61310c4f9f106cc208553e11d5f8b979e74b1cd66bad2231c895e2a40f,主体图与网页证据分离保存；授权未确认，因此不进入训练集。
web_world_008,web_world_008,official_webpage,官网网页栏目,http://www.yjmuseum.com/cpwx/detail2.html,http://www.yjmuseum.com/cpwx/detail2.html,藏品文修-世界织锦-南京云锦博物馆,土耳其人物织锦靠垫,,“世界织锦”栏目逐项原名明确标注泰国锦、埃及织锦或土耳其织锦。,“世界织锦”栏目逐项原名明确标注泰国锦、埃及织锦或土耳其织锦。 官网原始名称：土耳其人物织锦靠垫,2026-09-03,false,other_brocade,high,,,Top_20240205045021.png,data/official/evidence/webpage_screenshots/world_tapestry.png,data/official/web_images/world_tapestry/Top_20240205045021.png,unknown,Copyright1990-2024 www.71nc.com 版权所有：南京云锦研究所有限公司 苏ICP备12069451号,518,729,true,true,medium_source_card_or_inventory_mark_visible;manual_review_required,true,false,reference,c22c19cb168147c4d375cce62b7e6f8e86a13379a4e2f5194538a10dc78b4ac3,主体图与网页证据分离保存；授权未确认，因此不进入训练集。
